Open_time,Open_time,Open,High,Low,Close,Volume
2026-01-31 16:00:00,1769875200000,0.497,0.4981,0.4932,0.4952,219462.2
2026-01-31 16:15:00,1769876100000,0.4952,0.5054,0.4914,0.4981,640076.4
2026-01-31 16:30:00,1769877000000,0.4981,0.4993,0.495,0.495,193324.2
2026-01-31 16:45:00,1769877900000,0.495,0.4963,0.4875,0.4893,536625.1
2026-01-31 17:00:00,1769878800000,0.4893,0.4909,0.4568,0.4718,3021981.1
2026-01-31 17:15:00,1769879700000,0.4718,0.4771,0.4675,0.4695,530176.2
2026-01-31 17:30:00,1769880600000,0.4695,0.4736,0.4631,0.4703,651615.8
2026-01-31 17:45:00,1769881500000,0.4703,0.4725,0.4658,0.4691,298455.3
2026-01-31 18:00:00,1769882400000,0.4691,0.4722,0.4676,0.4695,343334.3
2026-01-31 18:15:00,1769883300000,0.4695,0.4696,0.4629,0.465,479812.6
2026-01-31 18:30:00,1769884200000,0.465,0.4658,0.4291,0.4543,2562398.6
2026-01-31 18:45:00,1769885100000,0.4543,0.4709,0.4525,0.4649,1743242.3
2026-01-31 19:00:00,1769886000000,0.4649,0.4756,0.4648,0.4721,633473.8
2026-01-31 19:15:00,1769886900000,0.4721,0.4747,0.4694,0.4728,333795.5
2026-01-31 19:30:00,1769887800000,0.4728,0.4738,0.466,0.4676,363133.6
2026-01-31 19:45:00,1769888700000,0.4676,0.473,0.4663,0.4717,187249.5
2026-01-31 20:00:00,1769889600000,0.4717,0.4731,0.4667,0.4672,129752.4
2026-01-31 20:15:00,1769890500000,0.4672,0.4787,0.4662,0.4714,377228.5
2026-01-31 20:30:00,1769891400000,0.4714,0.4761,0.4689,0.4757,185757.4
2026-01-31 20:45:00,1769892300000,0.4757,0.4777,0.473,0.4765,141516.7
2026-01-31 21:00:00,1769893200000,0.4765,0.4816,0.4763,0.4789,195960.5
2026-01-31 21:15:00,1769894100000,0.4789,0.4862,0.4787,0.4847,275565.3
2026-01-31 21:30:00,1769895000000,0.4847,0.4893,0.4826,0.4871,178679.8
2026-01-31 21:45:00,1769895900000,0.4871,0.4887,0.4861,0.4872,106516.1
2026-01-31 22:00:00,1769896800000,0.4872,0.4898,0.4857,0.4858,123348.5
2026-01-31 22:15:00,1769897700000,0.4858,0.4864,0.4832,0.4855,27255.8
2026-01-31 22:30:00,1769898600000,0.4855,0.4867,0.4825,0.4828,35446.9
2026-01-31 22:45:00,1769899500000,0.4828,0.486,0.4825,0.4855,42470.4
2026-01-31 23:00:00,1769900400000,0.4855,0.4871,0.4851,0.4862,46874.9
2026-01-31 23:15:00,1769901300000,0.4862,0.4982,0.486,0.4957,290087.4
2026-01-31 23:30:00,1769902200000,0.4957,0.4967,0.4931,0.4932,135997.4
2026-01-31 23:45:00,1769903100000,0.4932,0.4966,0.491,0.496,136480.7
2026-02-01 00:00:00,1769904000000,0.496,0.4998,0.4944,0.4998,175027.6
2026-02-01 00:15:00,1769904900000,0.4998,0.5012,0.4985,0.4991,171930.0
2026-02-01 00:30:00,1769905800000,0.4991,0.5,0.4954,0.4977,152195.0
2026-02-01 00:45:00,1769906700000,0.4977,0.4994,0.497,0.4979,58437.5
2026-02-01 01:00:00,1769907600000,0.4979,0.4982,0.4924,0.4938,92666.6
2026-02-01 01:15:00,1769908500000,0.4938,0.4989,0.4913,0.4989,100933.2
2026-02-01 01:30:00,1769909400000,0.4989,0.4994,0.4963,0.498,94090.0
2026-02-01 01:45:00,1769910300000,0.498,0.501,0.4979,0.4991,71930.0
2026-02-01 02:00:00,1769911200000,0.4991,0.5021,0.4987,0.501,77455.7
2026-02-01 02:15:00,1769912100000,0.501,0.5067,0.5007,0.5049,297918.6
2026-02-01 02:30:00,1769913000000,0.5049,0.5055,0.5015,0.5053,101224.4
2026-02-01 02:45:00,1769913900000,0.5053,0.5099,0.5053,0.5087,110023.2
2026-02-01 03:00:00,1769914800000,0.5087,0.5088,0.5053,0.5065,85695.9
2026-02-01 03:15:00,1769915700000,0.5065,0.5082,0.5059,0.507,60322.4
2026-02-01 03:30:00,1769916600000,0.507,0.507,0.5035,0.5049,69625.8
2026-02-01 03:45:00,1769917500000,0.5049,0.5059,0.5039,0.5053,44705.3
2026-02-01 04:00:00,1769918400000,0.5053,0.5076,0.5042,0.507,95891.0
2026-02-01 04:15:00,1769919300000,0.507,0.5076,0.5053,0.5056,85330.5
2026-02-01 04:30:00,1769920200000,0.5056,0.5081,0.5056,0.5067,41892.7
2026-02-01 04:45:00,1769921100000,0.5067,0.5068,0.505,0.5055,13593.0
2026-02-01 05:00:00,1769922000000,0.5055,0.5055,0.5021,0.503,92850.2
2026-02-01 05:15:00,1769922900000,0.503,0.504,0.5011,0.5039,78836.4
2026-02-01 05:30:00,1769923800000,0.5039,0.5039,0.4986,0.4989,87759.8
2026-02-01 05:45:00,1769924700000,0.4989,0.5007,0.4989,0.4994,57921.5
2026-02-01 06:00:00,1769925600000,0.4994,0.5016,0.4993,0.5015,42839.0
2026-02-01 06:15:00,1769926500000,0.5015,0.502,0.4998,0.5003,22092.4
2026-02-01 06:30:00,1769927400000,0.5003,0.5013,0.4968,0.4999,85958.0
2026-02-01 06:45:00,1769928300000,0.4999,0.4999,0.4977,0.499,47387.2
2026-02-01 07:00:00,1769929200000,0.499,0.5013,0.4985,0.499,130724.7
2026-02-01 07:15:00,1769930100000,0.499,0.5007,0.4982,0.5005,55686.4
2026-02-01 07:30:00,1769931000000,0.5005,0.5063,0.4997,0.5058,153638.0
2026-02-01 07:45:00,1769931900000,0.5058,0.5058,0.502,0.5021,78394.8
2026-02-01 08:00:00,1769932800000,0.5021,0.5034,0.5009,0.501,91368.2
2026-02-01 08:15:00,1769933700000,0.501,0.5027,0.4998,0.5011,189607.0
2026-02-01 08:30:00,1769934600000,0.5011,0.5052,0.5004,0.5051,110372.8
2026-02-01 08:45:00,1769935500000,0.5051,0.5051,0.4985,0.4988,152701.2
2026-02-01 09:00:00,1769936400000,0.4988,0.4997,0.4967,0.4975,97525.8
2026-02-01 09:15:00,1769937300000,0.4975,0.4977,0.4945,0.4946,122764.2
2026-02-01 09:30:00,1769938200000,0.4946,0.5006,0.4945,0.5002,149061.3
2026-02-01 09:45:00,1769939100000,0.5002,0.5034,0.5002,0.5028,110286.5
2026-02-01 10:00:00,1769940000000,0.5028,0.5054,0.502,0.5047,89487.4
2026-02-01 10:15:00,1769940900000,0.5047,0.5047,0.5005,0.501,77286.7
2026-02-01 10:30:00,1769941800000,0.501,0.5014,0.4936,0.4936,223083.6
2026-02-01 10:45:00,1769942700000,0.4936,0.4947,0.4911,0.4919,125378.1
2026-02-01 11:00:00,1769943600000,0.4919,0.4941,0.4919,0.4939,42431.4
2026-02-01 11:15:00,1769944500000,0.4939,0.4939,0.4916,0.492,17525.1
2026-02-01 11:30:00,1769945400000,0.492,0.498,0.4919,0.4971,86077.4
2026-02-01 11:45:00,1769946300000,0.4971,0.4979,0.4947,0.4954,45056.8
2026-02-01 12:00:00,1769947200000,0.4954,0.4955,0.4933,0.4944,27829.2
2026-02-01 12:15:00,1769948100000,0.4944,0.4944,0.4903,0.492,138434.1
2026-02-01 12:30:00,1769949000000,0.492,0.4957,0.492,0.4925,49502.2
2026-02-01 12:45:00,1769949900000,0.4925,0.4934,0.4921,0.493,35821.0
2026-02-01 13:00:00,1769950800000,0.493,0.4993,0.493,0.499,71476.1
2026-02-01 13:15:00,1769951700000,0.499,0.499,0.4953,0.4964,26304.5
2026-02-01 13:30:00,1769952600000,0.4964,0.4971,0.494,0.4949,46851.6
2026-02-01 13:45:00,1769953500000,0.4949,0.4958,0.491,0.4931,98281.9
2026-02-01 14:00:00,1769954400000,0.4931,0.4949,0.4914,0.4918,70941.5
2026-02-01 14:15:00,1769955300000,0.4918,0.4921,0.4881,0.4887,116976.0
2026-02-01 14:30:00,1769956200000,0.4887,0.4921,0.4839,0.4898,393623.2
2026-02-01 14:45:00,1769957100000,0.4898,0.4972,0.4889,0.4917,210396.8
2026-02-01 15:00:00,1769958000000,0.4917,0.4923,0.4844,0.485,122871.5
2026-02-01 15:15:00,1769958900000,0.485,0.4861,0.4779,0.4779,278800.5
2026-02-01 15:30:00,1769959800000,0.4779,0.4809,0.4738,0.477,332369.4
2026-02-01 15:45:00,1769960700000,0.477,0.4855,0.4769,0.4824,243923.7
2026-02-01 16:00:00,1769961600000,0.4824,0.4879,0.48,0.4863,345691.7
2026-02-01 16:15:00,1769962500000,0.4863,0.4917,0.4803,0.4875,295063.1
2026-02-01 16:30:00,1769963400000,0.4875,0.4884,0.4826,0.4832,173811.3
2026-02-01 16:45:00,1769964300000,0.4832,0.4872,0.4832,0.485,127847.4
2026-02-01 17:00:00,1769965200000,0.485,0.487,0.484,0.4853,93781.5
2026-02-01 17:15:00,1769966100000,0.4853,0.4856,0.4804,0.4832,88497.4
2026-02-01 17:30:00,1769967000000,0.4832,0.484,0.4797,0.4813,154789.8
2026-02-01 17:45:00,1769967900000,0.4813,0.4846,0.4798,0.4843,79745.8
2026-02-01 18:00:00,1769968800000,0.4843,0.4952,0.4842,0.4943,290222.0
2026-02-01 18:15:00,1769969700000,0.4943,0.4973,0.4913,0.4935,257551.6
2026-02-01 18:30:00,1769970600000,0.4935,0.4935,0.4892,0.4899,98221.4
2026-02-01 18:45:00,1769971500000,0.4899,0.4909,0.488,0.4904,58580.9
2026-02-01 19:00:00,1769972400000,0.4904,0.492,0.4882,0.4887,55034.1
2026-02-01 19:15:00,1769973300000,0.4887,0.4912,0.4866,0.4899,61210.3
2026-02-01 19:30:00,1769974200000,0.4899,0.4909,0.4878,0.4883,56521.3
2026-02-01 19:45:00,1769975100000,0.4883,0.4883,0.4831,0.4865,204295.8
2026-02-01 20:00:00,1769976000000,0.4865,0.4878,0.4844,0.4849,94031.3
2026-02-01 20:15:00,1769976900000,0.4849,0.4869,0.4811,0.4817,117054.3
2026-02-01 20:30:00,1769977800000,0.4817,0.4931,0.4815,0.4905,132062.8
2026-02-01 20:45:00,1769978700000,0.4905,0.4908,0.4866,0.4869,66075.7
2026-02-01 21:00:00,1769979600000,0.4869,0.4872,0.4819,0.4846,72275.4
2026-02-01 21:15:00,1769980500000,0.4846,0.4851,0.4824,0.484,90888.3
2026-02-01 21:30:00,1769981400000,0.484,0.4879,0.4839,0.4856,55502.1
2026-02-01 21:45:00,1769982300000,0.4856,0.4866,0.4818,0.4843,154544.1
2026-02-01 22:00:00,1769983200000,0.4843,0.4933,0.4837,0.4913,112283.4
2026-02-01 22:15:00,1769984100000,0.4913,0.4915,0.4857,0.4899,74903.7
2026-02-01 22:30:00,1769985000000,0.4899,0.4934,0.4891,0.4896,48186.0
2026-02-01 22:45:00,1769985900000,0.4896,0.4901,0.4868,0.4884,72428.6
2026-02-01 23:00:00,1769986800000,0.4884,0.4884,0.4706,0.4819,770180.6
2026-02-01 23:15:00,1769987700000,0.4819,0.4871,0.4777,0.4855,468279.0
2026-02-01 23:30:00,1769988600000,0.4855,0.4936,0.4835,0.4897,241659.3
2026-02-01 23:45:00,1769989500000,0.4897,0.4898,0.4838,0.4843,184171.8
2026-02-02 00:00:00,1769990400000,0.4843,0.4904,0.4793,0.4883,204978.1
2026-02-02 00:15:00,1769991300000,0.4883,0.4947,0.4879,0.4934,169414.4
2026-02-02 00:30:00,1769992200000,0.4934,0.4965,0.4916,0.495,113760.0
2026-02-02 00:45:00,1769993100000,0.495,0.4954,0.4914,0.4921,70901.5
2026-02-02 01:00:00,1769994000000,0.4921,0.4953,0.4858,0.4865,101874.9
2026-02-02 01:15:00,1769994900000,0.4865,0.5011,0.4849,0.5006,254721.4
2026-02-02 01:30:00,1769995800000,0.5006,0.5009,0.4963,0.4983,106500.0
2026-02-02 01:45:00,1769996700000,0.4983,0.4985,0.4946,0.4949,49816.4
2026-02-02 02:00:00,1769997600000,0.4949,0.4959,0.4908,0.492,70609.4
2026-02-02 02:15:00,1769998500000,0.492,0.4968,0.4919,0.4939,103674.6
2026-02-02 02:30:00,1769999400000,0.4939,0.4943,0.4888,0.4911,77629.7
2026-02-02 02:45:00,1770000300000,0.4911,0.4917,0.4884,0.4891,61400.0
2026-02-02 03:00:00,1770001200000,0.4891,0.49,0.4826,0.483,130663.5
2026-02-02 03:15:00,1770002100000,0.483,0.4839,0.4716,0.4736,679224.0
2026-02-02 03:30:00,1770003000000,0.4736,0.4788,0.4697,0.4729,391230.3
2026-02-02 03:45:00,1770003900000,0.4729,0.4926,0.4727,0.4909,593886.4
2026-02-02 04:00:00,1770004800000,0.4909,0.4913,0.4809,0.4821,186616.3
2026-02-02 04:15:00,1770005700000,0.4821,0.4949,0.481,0.4939,252163.8
2026-02-02 04:30:00,1770006600000,0.4939,0.496,0.4904,0.4907,176213.2
2026-02-02 04:45:00,1770007500000,0.4907,0.4908,0.4853,0.4853,47027.9
2026-02-02 05:00:00,1770008400000,0.4853,0.4856,0.4794,0.481,107046.6
2026-02-02 05:15:00,1770009300000,0.481,0.4812,0.4735,0.4758,287497.3
2026-02-02 05:30:00,1770010200000,0.4758,0.4788,0.4728,0.476,177891.1
2026-02-02 05:45:00,1770011100000,0.476,0.4821,0.4752,0.4783,188163.4
2026-02-02 06:00:00,1770012000000,0.4783,0.479,0.4726,0.4772,366023.1
2026-02-02 06:15:00,1770012900000,0.4772,0.4828,0.4757,0.4782,270635.1
2026-02-02 06:30:00,1770013800000,0.4782,0.4926,0.4697,0.4847,1058763.0
2026-02-02 06:45:00,1770014700000,0.4847,0.4896,0.4814,0.4831,338618.6
2026-02-02 07:00:00,1770015600000,0.4831,0.4881,0.4812,0.484,368575.6
2026-02-02 07:15:00,1770016500000,0.484,0.4859,0.4819,0.4828,73018.8
2026-02-02 07:30:00,1770017400000,0.4828,0.4867,0.4825,0.4855,211643.7
2026-02-02 07:45:00,1770018300000,0.4855,0.4888,0.4837,0.4839,165729.1
2026-02-02 08:00:00,1770019200000,0.4839,0.4875,0.4837,0.4863,96791.7
2026-02-02 08:15:00,1770020100000,0.4863,0.4887,0.4842,0.4849,126030.9
2026-02-02 08:30:00,1770021000000,0.4849,0.4899,0.4849,0.4885,120185.8
2026-02-02 08:45:00,1770021900000,0.4885,0.4906,0.4877,0.4886,75162.7
2026-02-02 09:00:00,1770022800000,0.4886,0.4894,0.4867,0.4877,78025.8
2026-02-02 09:15:00,1770023700000,0.4877,0.4952,0.4871,0.4951,178479.3
2026-02-02 09:30:00,1770024600000,0.4951,0.4985,0.4919,0.495,344970.9
2026-02-02 09:45:00,1770025500000,0.495,0.5004,0.4943,0.4947,319433.7
2026-02-02 10:00:00,1770026400000,0.4947,0.4968,0.4942,0.4956,80693.8
2026-02-02 10:15:00,1770027300000,0.4956,0.4963,0.4923,0.4938,247688.4
2026-02-02 10:30:00,1770028200000,0.4938,0.4955,0.4916,0.4933,215293.6
2026-02-02 10:45:00,1770029100000,0.4933,0.4944,0.4929,0.4941,43854.3
2026-02-02 11:00:00,1770030000000,0.4941,0.4967,0.4939,0.4965,85653.2
2026-02-02 11:15:00,1770030900000,0.4965,0.4965,0.4944,0.4952,44711.4
2026-02-02 11:30:00,1770031800000,0.4952,0.4971,0.4941,0.4946,115840.6
2026-02-02 11:45:00,1770032700000,0.4946,0.4963,0.4931,0.4933,166711.9
2026-02-02 12:00:00,1770033600000,0.4933,0.4943,0.4924,0.4927,66012.9
2026-02-02 12:15:00,1770034500000,0.4927,0.4946,0.4914,0.4915,227944.0
2026-02-02 12:30:00,1770035400000,0.4915,0.4932,0.4905,0.4927,74938.2
2026-02-02 12:45:00,1770036300000,0.4927,0.4951,0.4923,0.4937,107246.6
2026-02-02 13:00:00,1770037200000,0.4937,0.4942,0.4917,0.4926,74351.0
2026-02-02 13:15:00,1770038100000,0.4926,0.4958,0.4911,0.4941,78628.6
2026-02-02 13:30:00,1770039000000,0.4941,0.4958,0.4934,0.4946,78809.8
2026-02-02 13:45:00,1770039900000,0.4946,0.4978,0.4938,0.4967,131334.9
2026-02-02 14:00:00,1770040800000,0.4967,0.4979,0.4923,0.4943,251560.9
2026-02-02 14:15:00,1770041700000,0.4943,0.4969,0.4928,0.4958,163677.3
2026-02-02 14:30:00,1770042600000,0.4958,0.5034,0.4958,0.4998,458711.3
2026-02-02 14:45:00,1770043500000,0.4998,0.5027,0.4969,0.4978,216562.7
2026-02-02 15:00:00,1770044400000,0.4978,0.502,0.496,0.501,204915.7
2026-02-02 15:15:00,1770045300000,0.501,0.5053,0.4994,0.5026,219651.8
2026-02-02 15:30:00,1770046200000,0.5026,0.5082,0.501,0.5045,249030.0
2026-02-02 15:45:00,1770047100000,0.5045,0.5056,0.5018,0.5036,116595.9
2026-02-02 16:00:00,1770048000000,0.5036,0.5045,0.5015,0.503,79329.0
2026-02-02 16:15:00,1770048900000,0.503,0.5052,0.501,0.5051,125893.4
2026-02-02 16:30:00,1770049800000,0.5051,0.5063,0.5015,0.5026,130359.1
2026-02-02 16:45:00,1770050700000,0.5026,0.5026,0.4986,0.4991,104818.7
2026-02-02 17:00:00,1770051600000,0.4991,0.5026,0.4987,0.5012,101539.8
2026-02-02 17:15:00,1770052500000,0.5012,0.5018,0.4994,0.5,105544.3
2026-02-02 17:30:00,1770053400000,0.5,0.501,0.4962,0.497,109027.6
2026-02-02 17:45:00,1770054300000,0.497,0.4979,0.4949,0.4966,45381.4
2026-02-02 18:00:00,1770055200000,0.4966,0.4968,0.4948,0.4951,44947.4
2026-02-02 18:15:00,1770056100000,0.4951,0.4961,0.494,0.4944,50182.1
2026-02-02 18:30:00,1770057000000,0.4944,0.4995,0.4944,0.4982,145192.5
2026-02-02 18:45:00,1770057900000,0.4982,0.4994,0.498,0.4985,48656.6
2026-02-02 19:00:00,1770058800000,0.4985,0.4993,0.4975,0.4985,48129.6
2026-02-02 19:15:00,1770059700000,0.4985,0.4987,0.4964,0.4974,37088.8
2026-02-02 19:30:00,1770060600000,0.4974,0.4978,0.4962,0.4978,30692.3
2026-02-02 19:45:00,1770061500000,0.4978,0.4982,0.4958,0.4965,64055.7
2026-02-02 20:00:00,1770062400000,0.4965,0.4983,0.4952,0.4968,89401.7
2026-02-02 20:15:00,1770063300000,0.4968,0.4981,0.4963,0.497,44877.7
2026-02-02 20:30:00,1770064200000,0.497,0.4971,0.495,0.4956,32583.7
2026-02-02 20:45:00,1770065100000,0.4956,0.4972,0.4942,0.496,63141.2
2026-02-02 21:00:00,1770066000000,0.496,0.4999,0.4957,0.499,106162.5
2026-02-02 21:15:00,1770066900000,0.499,0.4997,0.4978,0.4981,27657.3
2026-02-02 21:30:00,1770067800000,0.4981,0.5006,0.4978,0.4987,81560.8
2026-02-02 21:45:00,1770068700000,0.4987,0.5004,0.4987,0.4995,61044.6
2026-02-02 22:00:00,1770069600000,0.4995,0.5018,0.4995,0.5011,63300.2
2026-02-02 22:15:00,1770070500000,0.5011,0.5012,0.4994,0.4997,16406.9
2026-02-02 22:30:00,1770071400000,0.4997,0.5013,0.4994,0.5013,8501.2
2026-02-02 22:45:00,1770072300000,0.5013,0.5013,0.4997,0.5005,26431.1
2026-02-02 23:00:00,1770073200000,0.5005,0.5016,0.4999,0.5008,45903.4
2026-02-02 23:15:00,1770074100000,0.5008,0.5012,0.4984,0.499,68606.9
2026-02-02 23:30:00,1770075000000,0.499,0.5012,0.4989,0.4999,38719.1
2026-02-02 23:45:00,1770075900000,0.4999,0.5,0.4984,0.4992,23962.7
2026-02-03 00:00:00,1770076800000,0.4992,0.5002,0.4954,0.497,48771.3
2026-02-03 00:15:00,1770077700000,0.497,0.4998,0.4967,0.4997,39687.9
2026-02-03 00:30:00,1770078600000,0.4997,0.4998,0.4976,0.4989,65863.7
2026-02-03 00:45:00,1770079500000,0.4989,0.5001,0.4976,0.4999,18700.6
2026-02-03 01:00:00,1770080400000,0.4999,0.4999,0.4959,0.4967,43282.1
2026-02-03 01:15:00,1770081300000,0.4967,0.4974,0.4942,0.4972,31878.5
2026-02-03 01:30:00,1770082200000,0.4972,0.4972,0.4956,0.497,13174.3
2026-02-03 01:45:00,1770083100000,0.497,0.4982,0.4965,0.4976,53406.1
2026-02-03 02:00:00,1770084000000,0.4976,0.4978,0.4926,0.4936,59812.0
2026-02-03 02:15:00,1770084900000,0.4936,0.4952,0.4929,0.4936,28861.3
2026-02-03 02:30:00,1770085800000,0.4936,0.4938,0.491,0.4919,49304.2
2026-02-03 02:45:00,1770086700000,0.4919,0.4922,0.4888,0.4892,42534.0
2026-02-03 03:00:00,1770087600000,0.4892,0.4914,0.4876,0.4907,61890.6
2026-02-03 03:15:00,1770088500000,0.4907,0.4921,0.4881,0.4918,80377.7
2026-02-03 03:30:00,1770089400000,0.4918,0.4962,0.4915,0.4956,52736.2
2026-02-03 03:45:00,1770090300000,0.4956,0.4989,0.4948,0.4978,83504.9
2026-02-03 04:00:00,1770091200000,0.4978,0.4991,0.4964,0.4989,52587.4
2026-02-03 04:15:00,1770092100000,0.4989,0.4991,0.4971,0.4974,18052.4
2026-02-03 04:30:00,1770093000000,0.4974,0.503,0.4968,0.503,38265.9
2026-02-03 04:45:00,1770093900000,0.503,0.5034,0.5014,0.5015,36863.6
2026-02-03 05:00:00,1770094800000,0.5015,0.5019,0.4982,0.4984,46159.6
2026-02-03 05:15:00,1770095700000,0.4984,0.5011,0.498,0.4995,74636.4
2026-02-03 05:30:00,1770096600000,0.4995,0.5008,0.4995,0.5006,43399.4
2026-02-03 05:45:00,1770097500000,0.5006,0.5013,0.4982,0.4985,27799.8
2026-02-03 06:00:00,1770098400000,0.4985,0.4996,0.4954,0.4962,124486.8
2026-02-03 06:15:00,1770099300000,0.4962,0.5018,0.4958,0.501,72451.3
2026-02-03 06:30:00,1770100200000,0.501,0.5013,0.4993,0.4995,47927.4
2026-02-03 06:45:00,1770101100000,0.4995,0.5019,0.4993,0.4997,61252.0
2026-02-03 07:00:00,1770102000000,0.4997,0.5005,0.4975,0.4989,35354.2
2026-02-03 07:15:00,1770102900000,0.4989,0.4999,0.4978,0.4988,44046.6
2026-02-03 07:30:00,1770103800000,0.4988,0.5031,0.4988,0.5017,77914.5
2026-02-03 07:45:00,1770104700000,0.5017,0.5018,0.5004,0.5009,49464.6
2026-02-03 08:00:00,1770105600000,0.5009,0.5016,0.4975,0.4978,134902.2
2026-02-03 08:15:00,1770106500000,0.4978,0.5029,0.4978,0.5017,64476.5
2026-02-03 08:30:00,1770107400000,0.5017,0.5039,0.5012,0.5027,59385.3
2026-02-03 08:45:00,1770108300000,0.5027,0.5027,0.5007,0.5011,47135.1
2026-02-03 09:00:00,1770109200000,0.5011,0.5028,0.4978,0.4979,421504.5
2026-02-03 09:15:00,1770110100000,0.4979,0.4996,0.4942,0.4943,388437.8
2026-02-03 09:30:00,1770111000000,0.4943,0.4995,0.4942,0.4987,226442.6
2026-02-03 09:45:00,1770111900000,0.4987,0.4994,0.4977,0.4989,52045.2
2026-02-03 10:00:00,1770112800000,0.4989,0.5008,0.4979,0.5004,56637.4
2026-02-03 10:15:00,1770113700000,0.5004,0.5009,0.4989,0.5005,36434.2
2026-02-03 10:30:00,1770114600000,0.5005,0.5005,0.4971,0.4975,60750.2
2026-02-03 10:45:00,1770115500000,0.4975,0.4984,0.4967,0.4978,27109.0
2026-02-03 11:00:00,1770116400000,0.4978,0.4999,0.4975,0.4985,40875.8
2026-02-03 11:15:00,1770117300000,0.4985,0.4998,0.4977,0.499,43088.7
2026-02-03 11:30:00,1770118200000,0.499,0.5013,0.499,0.5001,79098.2
2026-02-03 11:45:00,1770119100000,0.5001,0.501,0.4985,0.4988,57016.8
2026-02-03 12:00:00,1770120000000,0.4988,0.5021,0.4967,0.5012,107096.9
2026-02-03 12:15:00,1770120900000,0.5012,0.5028,0.4997,0.5022,45629.8
2026-02-03 12:30:00,1770121800000,0.5022,0.503,0.5011,0.5025,45583.5
2026-02-03 12:45:00,1770122700000,0.5025,0.5043,0.5024,0.5029,76573.5
2026-02-03 13:00:00,1770123600000,0.5029,0.5041,0.5017,0.5021,59588.3
2026-02-03 13:15:00,1770124500000,0.5021,0.5028,0.5008,0.5026,48439.6
2026-02-03 13:30:00,1770125400000,0.5026,0.5027,0.5008,0.5013,15421.3
2026-02-03 13:45:00,1770126300000,0.5013,0.5035,0.5003,0.5024,27482.1
2026-02-03 14:00:00,1770127200000,0.5024,0.5036,0.5015,0.5021,13429.5
2026-02-03 14:15:00,1770128100000,0.5021,0.5028,0.4991,0.5015,69246.2
2026-02-03 14:30:00,1770129000000,0.5015,0.5018,0.4951,0.4971,218118.7
2026-02-03 14:45:00,1770129900000,0.4971,0.4996,0.4921,0.4921,198767.4
2026-02-03 15:00:00,1770130800000,0.4921,0.4975,0.4913,0.492,246961.2
2026-02-03 15:15:00,1770131700000,0.492,0.5032,0.4912,0.4987,696271.8
2026-02-03 15:30:00,1770132600000,0.4987,0.5029,0.4955,0.4959,259492.8
2026-02-03 15:45:00,1770133500000,0.4959,0.5034,0.4946,0.5027,320764.7
2026-02-03 16:00:00,1770134400000,0.5027,0.5027,0.4995,0.5007,208437.4
2026-02-03 16:15:00,1770135300000,0.5007,0.5012,0.4961,0.4968,405084.8
2026-02-03 16:30:00,1770136200000,0.4968,0.4984,0.4937,0.4957,331923.0
2026-02-03 16:45:00,1770137100000,0.4957,0.4961,0.4928,0.4943,319552.9
2026-02-03 17:00:00,1770138000000,0.4943,0.496,0.4907,0.4915,177233.6
2026-02-03 17:15:00,1770138900000,0.4915,0.4924,0.4891,0.491,250731.9
2026-02-03 17:30:00,1770139800000,0.491,0.491,0.4829,0.483,290151.1
2026-02-03 17:45:00,1770140700000,0.483,0.4863,0.4793,0.4796,240937.5
2026-02-03 18:00:00,1770141600000,0.4796,0.4826,0.4785,0.4786,300322.7
2026-02-03 18:15:00,1770142500000,0.4786,0.48,0.4725,0.4744,705758.2
2026-02-03 18:30:00,1770143400000,0.4744,0.4784,0.4729,0.475,249572.2
2026-02-03 18:45:00,1770144300000,0.475,0.477,0.4715,0.4724,341086.8
2026-02-03 19:00:00,1770145200000,0.4724,0.4961,0.4712,0.4956,1408209.1
2026-02-03 19:15:00,1770146100000,0.4956,0.5012,0.4921,0.5006,788703.7
2026-02-03 19:30:00,1770147000000,0.5006,0.5089,0.5004,0.5049,509526.4
2026-02-03 19:45:00,1770147900000,0.5049,0.5061,0.5013,0.5038,296791.6
2026-02-03 20:00:00,1770148800000,0.5038,0.5043,0.496,0.4979,246368.3
2026-02-03 20:15:00,1770149700000,0.4979,0.5122,0.4972,0.5109,508839.7
2026-02-03 20:30:00,1770150600000,0.5109,0.5306,0.5108,0.5226,933996.8
2026-02-03 20:45:00,1770151500000,0.5226,0.527,0.5189,0.5239,256023.2
2026-02-03 21:00:00,1770152400000,0.5239,0.5337,0.5224,0.5318,324973.4
2026-02-03 21:15:00,1770153300000,0.5318,0.5323,0.52,0.5205,144294.5
2026-02-03 21:30:00,1770154200000,0.5205,0.5214,0.5163,0.5165,123448.5
2026-02-03 21:45:00,1770155100000,0.5165,0.5165,0.5128,0.5135,85996.9
2026-02-03 22:00:00,1770156000000,0.5135,0.5143,0.5083,0.5084,166670.6
2026-02-03 22:15:00,1770156900000,0.5084,0.5116,0.5061,0.5111,59044.4
2026-02-03 22:30:00,1770157800000,0.5111,0.5133,0.5106,0.5111,53062.8
2026-02-03 22:45:00,1770158700000,0.5111,0.5111,0.5054,0.5072,185834.9
2026-02-03 23:00:00,1770159600000,0.5072,0.5074,0.5016,0.5046,183919.4
2026-02-03 23:15:00,1770160500000,0.5046,0.5052,0.5001,0.5001,67148.0
2026-02-03 23:30:00,1770161400000,0.5001,0.5017,0.4991,0.4999,91998.9
2026-02-03 23:45:00,1770162300000,0.4999,0.5004,0.4946,0.4988,348398.8
2026-02-04 00:00:00,1770163200000,0.4988,0.4994,0.4964,0.4967,158613.2
2026-02-04 00:15:00,1770164100000,0.4967,0.5018,0.4967,0.5018,142921.9
2026-02-04 00:30:00,1770165000000,0.5018,0.5037,0.5005,0.501,55205.4
2026-02-04 00:45:00,1770165900000,0.501,0.5027,0.5008,0.5022,57453.5
2026-02-04 01:00:00,1770166800000,0.5022,0.5111,0.5022,0.511,183690.3
2026-02-04 01:15:00,1770167700000,0.511,0.511,0.5088,0.5103,64286.7
2026-02-04 01:30:00,1770168600000,0.5103,0.5124,0.51,0.5122,61923.3
2026-02-04 01:45:00,1770169500000,0.5122,0.5122,0.5087,0.5091,54613.5
2026-02-04 02:00:00,1770170400000,0.5091,0.5106,0.5072,0.5106,57409.2
2026-02-04 02:15:00,1770171300000,0.5106,0.5111,0.5069,0.5072,52285.0
2026-02-04 02:30:00,1770172200000,0.5072,0.5087,0.5053,0.5082,43681.0
2026-02-04 02:45:00,1770173100000,0.5082,0.5089,0.5052,0.5071,42892.5
2026-02-04 03:00:00,1770174000000,0.5071,0.5109,0.5055,0.5094,108748.6
2026-02-04 03:15:00,1770174900000,0.5094,0.5102,0.5062,0.5065,25839.4
2026-02-04 03:30:00,1770175800000,0.5065,0.513,0.5064,0.5106,125526.5
2026-02-04 03:45:00,1770176700000,0.5106,0.5112,0.5094,0.5094,26150.0
2026-02-04 04:00:00,1770177600000,0.5094,0.5096,0.5073,0.5087,38539.4
2026-02-04 04:15:00,1770178500000,0.5087,0.5091,0.5068,0.5081,34081.5
2026-02-04 04:30:00,1770179400000,0.5081,0.5103,0.5076,0.5087,46220.8
2026-02-04 04:45:00,1770180300000,0.5087,0.5099,0.5082,0.5093,49077.7
2026-02-04 05:00:00,1770181200000,0.5093,0.5117,0.5089,0.5117,55826.9
2026-02-04 05:15:00,1770182100000,0.5117,0.5133,0.511,0.512,60389.7
2026-02-04 05:30:00,1770183000000,0.512,0.512,0.5096,0.5098,51893.5
2026-02-04 05:45:00,1770183900000,0.5098,0.5119,0.5064,0.5086,59184.0
2026-02-04 06:00:00,1770184800000,0.5086,0.5113,0.5084,0.5107,58965.6
2026-02-04 06:15:00,1770185700000,0.5107,0.511,0.5083,0.5093,34233.3
2026-02-04 06:30:00,1770186600000,0.5093,0.5129,0.5082,0.5129,48659.7
2026-02-04 06:45:00,1770187500000,0.5129,0.5146,0.5124,0.5129,62719.3
2026-02-04 07:00:00,1770188400000,0.5129,0.513,0.5098,0.5128,108219.5
2026-02-04 07:15:00,1770189300000,0.5128,0.5129,0.5102,0.5127,71392.3
2026-02-04 07:30:00,1770190200000,0.5127,0.5154,0.5115,0.5148,113549.0
2026-02-04 07:45:00,1770191100000,0.5148,0.5159,0.5136,0.5148,64273.3
2026-02-04 08:00:00,1770192000000,0.5148,0.5152,0.5122,0.5126,66143.9
2026-02-04 08:15:00,1770192900000,0.5126,0.5142,0.5108,0.5113,34310.1
2026-02-04 08:30:00,1770193800000,0.5113,0.5128,0.5105,0.5128,34149.7
2026-02-04 08:45:00,1770194700000,0.5128,0.5148,0.5122,0.5129,35935.6
2026-02-04 09:00:00,1770195600000,0.5129,0.5136,0.5112,0.5112,54652.1
2026-02-04 09:15:00,1770196500000,0.5112,0.5115,0.509,0.51,45251.3
2026-02-04 09:30:00,1770197400000,0.51,0.5106,0.5062,0.5078,74296.2
2026-02-04 09:45:00,1770198300000,0.5078,0.5091,0.5078,0.508,43180.1
2026-02-04 10:00:00,1770199200000,0.508,0.5093,0.5076,0.5081,31347.8
2026-02-04 10:15:00,1770200100000,0.5081,0.5092,0.5069,0.5076,58453.9
2026-02-04 10:30:00,1770201000000,0.5076,0.5084,0.5064,0.5069,40581.1
2026-02-04 10:45:00,1770201900000,0.5069,0.5084,0.5066,0.5081,19128.5
2026-02-04 11:00:00,1770202800000,0.5081,0.5081,0.5009,0.502,284624.1
2026-02-04 11:15:00,1770203700000,0.502,0.5057,0.5009,0.5041,140449.7
2026-02-04 11:30:00,1770204600000,0.5041,0.5087,0.5036,0.5058,128710.2
2026-02-04 11:45:00,1770205500000,0.5058,0.5068,0.5044,0.5058,72597.6
2026-02-04 12:00:00,1770206400000,0.5058,0.5063,0.5049,0.506,23977.9
2026-02-04 12:15:00,1770207300000,0.506,0.5072,0.5028,0.503,70051.8
2026-02-04 12:30:00,1770208200000,0.503,0.5049,0.5028,0.5041,20783.0
2026-02-04 12:45:00,1770209100000,0.5041,0.5048,0.5002,0.5016,190259.9
2026-02-04 13:00:00,1770210000000,0.5016,0.5019,0.4998,0.5012,63601.0
2026-02-04 13:15:00,1770210900000,0.5012,0.5017,0.4999,0.5002,66155.4
2026-02-04 13:30:00,1770211800000,0.5002,0.5013,0.4995,0.5008,146627.7
2026-02-04 13:45:00,1770212700000,0.5008,0.5014,0.4954,0.4956,133734.6
2026-02-04 14:00:00,1770213600000,0.4956,0.4988,0.495,0.4976,183671.6
2026-02-04 14:15:00,1770214500000,0.4976,0.4984,0.4949,0.4955,67536.9
2026-02-04 14:30:00,1770215400000,0.4955,0.4997,0.489,0.4947,487985.4
2026-02-04 14:45:00,1770216300000,0.4947,0.4993,0.4895,0.4897,228846.4
2026-02-04 15:00:00,1770217200000,0.4897,0.497,0.4871,0.4946,459526.4
2026-02-04 15:15:00,1770218100000,0.4946,0.4979,0.4917,0.4933,196966.0
2026-02-04 15:30:00,1770219000000,0.4933,0.4939,0.4834,0.4891,315608.2
2026-02-04 15:45:00,1770219900000,0.4891,0.4907,0.4863,0.4894,115758.9
2026-02-04 16:00:00,1770220800000,0.4894,0.4944,0.4874,0.4921,304089.1
2026-02-04 16:15:00,1770221700000,0.4921,0.4924,0.485,0.4896,441822.7
2026-02-04 16:30:00,1770222600000,0.4896,0.4896,0.4823,0.4836,174490.1
2026-02-04 16:45:00,1770223500000,0.4836,0.492,0.4826,0.4904,152081.1
2026-02-04 17:00:00,1770224400000,0.4904,0.4942,0.4865,0.4924,270360.1
2026-02-04 17:15:00,1770225300000,0.4924,0.4956,0.4852,0.4854,202441.0
2026-02-04 17:30:00,1770226200000,0.4854,0.4917,0.4842,0.4908,418111.4
2026-02-04 17:45:00,1770227100000,0.4908,0.4919,0.4867,0.4903,137503.8
2026-02-04 18:00:00,1770228000000,0.4903,0.4903,0.483,0.4836,354744.1
2026-02-04 18:15:00,1770228900000,0.4836,0.4931,0.481,0.4895,348080.4
2026-02-04 18:30:00,1770229800000,0.4895,0.503,0.4887,0.502,446634.9
2026-02-04 18:45:00,1770230700000,0.502,0.502,0.4939,0.494,130095.8
2026-02-04 19:00:00,1770231600000,0.494,0.4978,0.4936,0.4937,115774.8
2026-02-04 19:15:00,1770232500000,0.4937,0.4965,0.491,0.493,105845.2
2026-02-04 19:30:00,1770233400000,0.493,0.497,0.4923,0.4967,73388.3
2026-02-04 19:45:00,1770234300000,0.4967,0.5072,0.4967,0.5059,375960.6
2026-02-04 20:00:00,1770235200000,0.5059,0.5165,0.5031,0.5154,951026.4
2026-02-04 20:15:00,1770236100000,0.5154,0.5212,0.5095,0.5179,528229.9
2026-02-04 20:30:00,1770237000000,0.5179,0.5179,0.512,0.5145,331821.2
2026-02-04 20:45:00,1770237900000,0.5145,0.5161,0.5114,0.514,109673.1
2026-02-04 21:00:00,1770238800000,0.514,0.516,0.5093,0.5108,83569.6
2026-02-04 21:15:00,1770239700000,0.5108,0.5112,0.5078,0.5092,54129.0
2026-02-04 21:30:00,1770240600000,0.5092,0.5109,0.5042,0.506,90680.4
2026-02-04 21:45:00,1770241500000,0.506,0.5066,0.4961,0.4964,722536.8
2026-02-04 22:00:00,1770242400000,0.4964,0.4982,0.4895,0.4938,588667.6
2026-02-04 22:15:00,1770243300000,0.4938,0.5097,0.4936,0.5094,143397.6
2026-02-04 22:30:00,1770244200000,0.5094,0.5095,0.4995,0.5,83417.2
2026-02-04 22:45:00,1770245100000,0.5,0.5023,0.4971,0.4986,136133.7
2026-02-04 23:00:00,1770246000000,0.4986,0.4996,0.496,0.4993,151531.2
2026-02-04 23:15:00,1770246900000,0.4993,0.5057,0.4981,0.5041,386478.2
2026-02-04 23:30:00,1770247800000,0.5041,0.5071,0.5022,0.5032,153323.2
2026-02-04 23:45:00,1770248700000,0.5032,0.5045,0.5008,0.5015,59774.6
2026-02-05 00:00:00,1770249600000,0.5015,0.5017,0.4974,0.4975,83420.9
2026-02-05 00:15:00,1770250500000,0.4975,0.5028,0.4972,0.5028,94155.8
2026-02-05 00:30:00,1770251400000,0.5028,0.503,0.4988,0.5015,54126.0
2026-02-05 00:45:00,1770252300000,0.5015,0.5022,0.4995,0.4996,52047.3
2026-02-05 01:00:00,1770253200000,0.4996,0.5044,0.4992,0.5033,83263.3
2026-02-05 01:15:00,1770254100000,0.5033,0.507,0.4957,0.5057,211268.5
2026-02-05 01:30:00,1770255000000,0.5057,0.5085,0.501,0.5043,567881.9
2026-02-05 01:45:00,1770255900000,0.5043,0.5047,0.5004,0.5008,63281.0
2026-02-05 02:00:00,1770256800000,0.5008,0.5021,0.4969,0.4971,127477.0
2026-02-05 02:15:00,1770257700000,0.4971,0.502,0.4953,0.5013,177691.4
2026-02-05 02:30:00,1770258600000,0.5013,0.5043,0.4999,0.5016,272801.5
2026-02-05 02:45:00,1770259500000,0.5016,0.5016,0.4936,0.4946,170216.0
2026-02-05 03:00:00,1770260400000,0.4946,0.4976,0.4924,0.4932,185726.4
2026-02-05 03:15:00,1770261300000,0.4932,0.4961,0.4894,0.4929,146185.9
2026-02-05 03:30:00,1770262200000,0.4929,0.4929,0.4895,0.4909,86082.2
2026-02-05 03:45:00,1770263100000,0.4909,0.4929,0.4903,0.4929,55683.1
2026-02-05 04:00:00,1770264000000,0.4929,0.4992,0.4922,0.4944,223652.5
2026-02-05 04:15:00,1770264900000,0.4944,0.4981,0.4929,0.4962,218195.0
2026-02-05 04:30:00,1770265800000,0.4962,0.4999,0.4937,0.4989,216733.2
2026-02-05 04:45:00,1770266700000,0.4989,0.4994,0.4954,0.4958,53191.5
2026-02-05 05:00:00,1770267600000,0.4958,0.4992,0.4934,0.4978,83720.3
2026-02-05 05:15:00,1770268500000,0.4978,0.502,0.4932,0.4993,213200.3
2026-02-05 05:30:00,1770269400000,0.4993,0.5031,0.4974,0.5004,215108.0
2026-02-05 05:45:00,1770270300000,0.5004,0.5009,0.4929,0.494,241567.8
2026-02-05 06:00:00,1770271200000,0.494,0.4947,0.489,0.4912,173796.6
2026-02-05 06:15:00,1770272100000,0.4912,0.4922,0.4886,0.489,131016.5
2026-02-05 06:30:00,1770273000000,0.489,0.4918,0.489,0.4902,77919.5
2026-02-05 06:45:00,1770273900000,0.4902,0.4913,0.4863,0.4885,205943.3
2026-02-05 07:00:00,1770274800000,0.4885,0.497,0.4879,0.4903,312450.4
2026-02-05 07:15:00,1770275700000,0.4903,0.4954,0.4889,0.4941,107814.7
2026-02-05 07:30:00,1770276600000,0.4941,0.4947,0.4902,0.4922,122403.9
2026-02-05 07:45:00,1770277500000,0.4922,0.4926,0.4893,0.4904,93842.9
2026-02-05 08:00:00,1770278400000,0.4904,0.4938,0.4904,0.4932,93600.5
2026-02-05 08:15:00,1770279300000,0.4932,0.4963,0.4927,0.495,116820.1
2026-02-05 08:30:00,1770280200000,0.495,0.4981,0.4949,0.497,77964.8
2026-02-05 08:45:00,1770281100000,0.497,0.4983,0.4954,0.4954,46939.4
2026-02-05 09:00:00,1770282000000,0.4954,0.4996,0.494,0.4973,245143.6
2026-02-05 09:15:00,1770282900000,0.4973,0.4987,0.4938,0.4942,116364.5
2026-02-05 09:30:00,1770283800000,0.4942,0.4951,0.493,0.4933,76144.7
2026-02-05 09:45:00,1770284700000,0.4933,0.4953,0.4933,0.495,24355.9
2026-02-05 10:00:00,1770285600000,0.495,0.4956,0.4912,0.4929,55635.8
2026-02-05 10:15:00,1770286500000,0.4929,0.4951,0.4925,0.4942,31835.2
2026-02-05 10:30:00,1770287400000,0.4942,0.4946,0.4902,0.4903,38885.2
2026-02-05 10:45:00,1770288300000,0.4903,0.4906,0.4832,0.4852,280683.3
2026-02-05 11:00:00,1770289200000,0.4852,0.4875,0.482,0.4826,148675.3
2026-02-05 11:15:00,1770290100000,0.4826,0.4855,0.4768,0.4776,435583.5
2026-02-05 11:30:00,1770291000000,0.4776,0.4872,0.4768,0.4859,269366.8
2026-02-05 11:45:00,1770291900000,0.4859,0.4862,0.4812,0.4826,114201.0
2026-02-05 12:00:00,1770292800000,0.4826,0.4853,0.4819,0.4822,113513.6
2026-02-05 12:15:00,1770293700000,0.4822,0.4856,0.4776,0.4827,377429.7
2026-02-05 12:30:00,1770294600000,0.4827,0.4853,0.4799,0.4808,226351.7
2026-02-05 12:45:00,1770295500000,0.4808,0.4837,0.4786,0.4818,141876.5
2026-02-05 13:00:00,1770296400000,0.4818,0.4864,0.4815,0.4821,118632.3
2026-02-05 13:15:00,1770297300000,0.4821,0.4822,0.4786,0.4788,61109.7
2026-02-05 13:30:00,1770298200000,0.4788,0.4828,0.4788,0.4801,135362.8
2026-02-05 13:45:00,1770299100000,0.4801,0.4812,0.4781,0.4802,207000.2
2026-02-05 14:00:00,1770300000000,0.4802,0.4932,0.4802,0.4927,792493.8
2026-02-05 14:15:00,1770300900000,0.4927,0.4951,0.4894,0.4931,292302.7
2026-02-05 14:30:00,1770301800000,0.4931,0.5047,0.4897,0.4988,1052603.3
2026-02-05 14:45:00,1770302700000,0.4988,0.5042,0.4966,0.4986,625371.0
2026-02-05 15:00:00,1770303600000,0.4986,0.5016,0.4733,0.4749,1186513.2
2026-02-05 15:15:00,1770304500000,0.4749,0.4874,0.4695,0.4714,1986649.9
2026-02-05 15:30:00,1770305400000,0.4714,0.4862,0.4634,0.4812,1534232.0
2026-02-05 15:45:00,1770306300000,0.4812,0.4861,0.4712,0.4714,1006393.7
2026-02-05 16:00:00,1770307200000,0.4714,0.4812,0.4676,0.4751,1076718.0
2026-02-05 16:15:00,1770308100000,0.4751,0.4885,0.4736,0.4833,807199.6
2026-02-05 16:30:00,1770309000000,0.4833,0.4901,0.4792,0.4801,457281.7
2026-02-05 16:45:00,1770309900000,0.4801,0.4872,0.473,0.4785,910574.5
2026-02-05 17:00:00,1770310800000,0.4785,0.4825,0.4667,0.4696,463417.5
2026-02-05 17:15:00,1770311700000,0.4696,0.4777,0.4609,0.4715,1045217.9
2026-02-05 17:30:00,1770312600000,0.4715,0.4728,0.4628,0.466,706440.5
2026-02-05 17:45:00,1770313500000,0.466,0.4685,0.461,0.4617,367813.5
2026-02-05 18:00:00,1770314400000,0.4617,0.4659,0.4597,0.4637,365903.1
2026-02-05 18:15:00,1770315300000,0.4637,0.465,0.4563,0.4613,509033.7
2026-02-05 18:30:00,1770316200000,0.4613,0.4626,0.4569,0.458,287705.8
2026-02-05 18:45:00,1770317100000,0.458,0.4688,0.4578,0.4661,423541.4
2026-02-05 19:00:00,1770318000000,0.4661,0.467,0.4579,0.4602,432968.9
2026-02-05 19:15:00,1770318900000,0.4602,0.4644,0.4564,0.4584,298645.1
2026-02-05 19:30:00,1770319800000,0.4584,0.462,0.4572,0.4578,266578.1
2026-02-05 19:45:00,1770320700000,0.4578,0.4586,0.4534,0.4564,265401.0
2026-02-05 20:00:00,1770321600000,0.4564,0.4591,0.4522,0.4523,337650.7
2026-02-05 20:15:00,1770322500000,0.4523,0.4527,0.4312,0.4395,2286290.3
2026-02-05 20:30:00,1770323400000,0.4395,0.4538,0.4369,0.4492,1442535.2
2026-02-05 20:45:00,1770324300000,0.4492,0.4495,0.4365,0.4428,813300.0
2026-02-05 21:00:00,1770325200000,0.4428,0.4569,0.442,0.4437,1186480.4
2026-02-05 21:15:00,1770326100000,0.4437,0.4537,0.4378,0.4511,690672.5
2026-02-05 21:30:00,1770327000000,0.4511,0.4527,0.4422,0.4444,376472.5
2026-02-05 21:45:00,1770327900000,0.4444,0.4463,0.438,0.4405,317406.9
2026-02-05 22:00:00,1770328800000,0.4405,0.4444,0.4352,0.4393,534104.4
2026-02-05 22:15:00,1770329700000,0.4393,0.4459,0.4303,0.4442,289445.2
2026-02-05 22:30:00,1770330600000,0.4442,0.4473,0.4351,0.4381,119242.2
2026-02-05 22:45:00,1770331500000,0.4381,0.44,0.4338,0.4341,259662.3
2026-02-05 23:00:00,1770332400000,0.4341,0.4459,0.4338,0.4446,432463.2
2026-02-05 23:15:00,1770333300000,0.4446,0.4451,0.4367,0.4407,187625.1
2026-02-05 23:30:00,1770334200000,0.4407,0.4434,0.4313,0.4329,421998.8
2026-02-05 23:45:00,1770335100000,0.4329,0.4353,0.4286,0.4306,404611.0
2026-02-06 00:00:00,1770336000000,0.4306,0.4331,0.393,0.399,3907881.4
2026-02-06 00:15:00,1770336900000,0.399,0.4085,0.3801,0.3997,8113015.3
2026-02-06 00:30:00,1770337800000,0.3997,0.4294,0.399,0.4228,1422848.7
2026-02-06 00:45:00,1770338700000,0.4228,0.4298,0.42,0.4234,782096.0
2026-02-06 01:00:00,1770339600000,0.4234,0.4313,0.4215,0.428,966052.7
2026-02-06 01:15:00,1770340500000,0.428,0.4322,0.4257,0.4266,486542.8
2026-02-06 01:30:00,1770341400000,0.4266,0.4316,0.4253,0.4306,422262.8
2026-02-06 01:45:00,1770342300000,0.4306,0.4389,0.4298,0.4387,407308.0
2026-02-06 02:00:00,1770343200000,0.4387,0.4427,0.4343,0.4355,436601.6
2026-02-06 02:15:00,1770344100000,0.4355,0.4361,0.427,0.43,424544.2
2026-02-06 02:30:00,1770345000000,0.43,0.4371,0.4292,0.434,352560.6
2026-02-06 02:45:00,1770345900000,0.434,0.435,0.4277,0.4295,153247.7
2026-02-06 03:00:00,1770346800000,0.4295,0.4321,0.4241,0.425,265308.8
2026-02-06 03:15:00,1770347700000,0.425,0.4298,0.4247,0.4287,232826.4
2026-02-06 03:30:00,1770348600000,0.4287,0.4323,0.4284,0.4309,154451.5
2026-02-06 03:45:00,1770349500000,0.4309,0.4348,0.4282,0.4343,282332.5
2026-02-06 04:00:00,1770350400000,0.4343,0.4359,0.4321,0.4349,141682.0
2026-02-06 04:15:00,1770351300000,0.4349,0.4406,0.4343,0.4387,143358.4
2026-02-06 04:30:00,1770352200000,0.4387,0.4387,0.4346,0.4363,142915.5
2026-02-06 04:45:00,1770353100000,0.4363,0.4395,0.4363,0.4381,154774.0
2026-02-06 05:00:00,1770354000000,0.4381,0.4444,0.437,0.4432,261494.9
2026-02-06 05:15:00,1770354900000,0.4432,0.4438,0.4399,0.4413,94940.1
2026-02-06 05:30:00,1770355800000,0.4413,0.4487,0.4404,0.4485,152897.0
2026-02-06 05:45:00,1770356700000,0.4485,0.4516,0.4463,0.4504,286291.1
2026-02-06 06:00:00,1770357600000,0.4504,0.4526,0.4492,0.4492,288162.3
2026-02-06 06:15:00,1770358500000,0.4492,0.4499,0.4455,0.4473,95995.0
2026-02-06 06:30:00,1770359400000,0.4473,0.4476,0.4403,0.4415,175947.5
2026-02-06 06:45:00,1770360300000,0.4415,0.4432,0.4379,0.4391,194725.9
2026-02-06 07:00:00,1770361200000,0.4391,0.4396,0.4341,0.4362,182609.5
2026-02-06 07:15:00,1770362100000,0.4362,0.4376,0.4339,0.4375,175269.8
2026-02-06 07:30:00,1770363000000,0.4375,0.4408,0.4369,0.4392,143130.5
2026-02-06 07:45:00,1770363900000,0.4392,0.441,0.436,0.4374,92801.7
2026-02-06 08:00:00,1770364800000,0.4374,0.4394,0.435,0.4366,187621.9
2026-02-06 08:15:00,1770365700000,0.4366,0.4374,0.4332,0.434,341419.2
2026-02-06 08:30:00,1770366600000,0.434,0.4361,0.4316,0.4329,201612.2
2026-02-06 08:45:00,1770367500000,0.4329,0.4354,0.4326,0.4341,112493.9
2026-02-06 09:00:00,1770368400000,0.4341,0.4349,0.4328,0.434,111147.8
2026-02-06 09:15:00,1770369300000,0.434,0.4379,0.4324,0.4377,235956.4
2026-02-06 09:30:00,1770370200000,0.4377,0.445,0.4373,0.4448,183203.0
2026-02-06 09:45:00,1770371100000,0.4448,0.4502,0.4437,0.4492,144991.9
2026-02-06 10:00:00,1770372000000,0.4492,0.4502,0.4458,0.4476,167794.0
2026-02-06 10:15:00,1770372900000,0.4476,0.4536,0.4476,0.4512,186510.0
2026-02-06 10:30:00,1770373800000,0.4512,0.4536,0.4505,0.4522,59688.4
2026-02-06 10:45:00,1770374700000,0.4522,0.455,0.451,0.4549,64256.3
2026-02-06 11:00:00,1770375600000,0.4549,0.4565,0.4538,0.4554,90432.1
2026-02-06 11:15:00,1770376500000,0.4554,0.4569,0.4517,0.4532,108270.4
2026-02-06 11:30:00,1770377400000,0.4532,0.4541,0.451,0.4519,145560.5
2026-02-06 11:45:00,1770378300000,0.4519,0.4546,0.4507,0.4535,86033.5
2026-02-06 12:00:00,1770379200000,0.4535,0.4535,0.4495,0.4522,106608.6
2026-02-06 12:15:00,1770380100000,0.4522,0.4533,0.4508,0.4526,95815.2
2026-02-06 12:30:00,1770381000000,0.4526,0.4537,0.4522,0.4525,74176.1
2026-02-06 12:45:00,1770381900000,0.4525,0.4535,0.4514,0.4532,44370.3
2026-02-06 13:00:00,1770382800000,0.4532,0.4593,0.4528,0.4592,111848.1
2026-02-06 13:15:00,1770383700000,0.4592,0.4634,0.4568,0.4599,142789.8
2026-02-06 13:30:00,1770384600000,0.4599,0.4636,0.4593,0.4626,113698.6
2026-02-06 13:45:00,1770385500000,0.4626,0.4647,0.4612,0.4616,140530.7
2026-02-06 14:00:00,1770386400000,0.4616,0.4622,0.4592,0.4621,89148.2
2026-02-06 14:15:00,1770387300000,0.4621,0.4643,0.4598,0.4642,68482.9
2026-02-06 14:30:00,1770388200000,0.4642,0.4778,0.4638,0.4767,467719.1
2026-02-06 14:45:00,1770389100000,0.4767,0.4814,0.4731,0.476,294676.9
2026-02-06 15:00:00,1770390000000,0.476,0.4763,0.4698,0.4699,249189.4
2026-02-06 15:15:00,1770390900000,0.4699,0.4742,0.4695,0.4709,170590.0
2026-02-06 15:30:00,1770391800000,0.4709,0.4757,0.4705,0.4742,187178.6
2026-02-06 15:45:00,1770392700000,0.4742,0.4759,0.4714,0.4718,143019.9
2026-02-06 16:00:00,1770393600000,0.4718,0.4779,0.4699,0.4779,202775.1
2026-02-06 16:15:00,1770394500000,0.4779,0.4839,0.4758,0.4825,263552.7
2026-02-06 16:30:00,1770395400000,0.4825,0.4857,0.4814,0.4832,226904.1
2026-02-06 16:45:00,1770396300000,0.4832,0.4863,0.4817,0.4835,141224.7
2026-02-06 17:00:00,1770397200000,0.4835,0.4862,0.4802,0.4859,141600.2
2026-02-06 17:15:00,1770398100000,0.4859,0.4922,0.4853,0.4913,210993.1
2026-02-06 17:30:00,1770399000000,0.4913,0.496,0.4891,0.4937,207288.7
2026-02-06 17:45:00,1770399900000,0.4937,0.4953,0.4883,0.4907,229241.8
2026-02-06 18:00:00,1770400800000,0.4907,0.4908,0.48,0.4822,315202.0
2026-02-06 18:15:00,1770401700000,0.4822,0.4823,0.4779,0.4795,79502.5
2026-02-06 18:30:00,1770402600000,0.4795,0.4846,0.479,0.4828,95903.0
2026-02-06 18:45:00,1770403500000,0.4828,0.4852,0.4811,0.4815,97553.0
2026-02-06 19:00:00,1770404400000,0.4815,0.4825,0.4773,0.4781,56414.4
2026-02-06 19:15:00,1770405300000,0.4781,0.4809,0.4761,0.4789,121184.5
2026-02-06 19:30:00,1770406200000,0.4789,0.4811,0.4778,0.4809,57971.9
2026-02-06 19:45:00,1770407100000,0.4809,0.4849,0.4802,0.4842,131633.8
2026-02-06 20:00:00,1770408000000,0.4842,0.4843,0.4772,0.4777,62313.8
2026-02-06 20:15:00,1770408900000,0.4777,0.4777,0.4756,0.4774,63497.4
2026-02-06 20:30:00,1770409800000,0.4774,0.4839,0.4766,0.4784,288279.5
2026-02-06 20:45:00,1770410700000,0.4784,0.4805,0.4767,0.4777,70849.1
2026-02-06 21:00:00,1770411600000,0.4777,0.4787,0.475,0.4777,110929.0
2026-02-06 21:15:00,1770412500000,0.4777,0.4807,0.4767,0.4799,30736.2
2026-02-06 21:30:00,1770413400000,0.4799,0.48,0.4779,0.4795,37608.7
2026-02-06 21:45:00,1770414300000,0.4795,0.4807,0.4795,0.4802,13562.9
2026-02-06 22:00:00,1770415200000,0.4802,0.484,0.4798,0.4824,87890.9
2026-02-06 22:15:00,1770416100000,0.4824,0.4831,0.4815,0.4824,39841.2
2026-02-06 22:30:00,1770417000000,0.4824,0.4877,0.482,0.4858,67103.8
2026-02-06 22:45:00,1770417900000,0.4858,0.4895,0.4857,0.4878,58082.8
2026-02-06 23:00:00,1770418800000,0.4878,0.4933,0.4878,0.4878,114859.3
2026-02-06 23:15:00,1770419700000,0.4878,0.4878,0.4841,0.4867,202869.6
2026-02-06 23:30:00,1770420600000,0.4867,0.4895,0.4866,0.4889,60840.7
2026-02-06 23:45:00,1770421500000,0.4889,0.4893,0.487,0.4874,31447.9
2026-02-07 00:00:00,1770422400000,0.4874,0.4875,0.4835,0.4861,141617.9
2026-02-07 00:15:00,1770423300000,0.4861,0.4869,0.4807,0.4807,87975.0
2026-02-07 00:30:00,1770424200000,0.4807,0.4811,0.4783,0.4784,81791.4
2026-02-07 00:45:00,1770425100000,0.4784,0.4831,0.4783,0.4803,126670.8
2026-02-07 01:00:00,1770426000000,0.4803,0.4803,0.4764,0.4764,93198.6
2026-02-07 01:15:00,1770426900000,0.4764,0.4783,0.4754,0.4769,182014.0
2026-02-07 01:30:00,1770427800000,0.4769,0.4803,0.4762,0.4788,67014.8
2026-02-07 01:45:00,1770428700000,0.4788,0.4831,0.4786,0.4815,88525.4
2026-02-07 02:00:00,1770429600000,0.4815,0.4821,0.4795,0.4815,33119.6
2026-02-07 02:15:00,1770430500000,0.4815,0.4845,0.4809,0.4832,38641.7
2026-02-07 02:30:00,1770431400000,0.4832,0.4837,0.4818,0.4824,38333.0
2026-02-07 02:45:00,1770432300000,0.4824,0.4834,0.4805,0.483,27917.9
2026-02-07 03:00:00,1770433200000,0.483,0.4861,0.481,0.4843,133370.3
2026-02-07 03:15:00,1770434100000,0.4843,0.4849,0.4819,0.4838,48189.9
2026-02-07 03:30:00,1770435000000,0.4838,0.4838,0.4797,0.4812,125431.9
2026-02-07 03:45:00,1770435900000,0.4812,0.4812,0.4791,0.4799,50609.4
2026-02-07 04:00:00,1770436800000,0.4799,0.4839,0.4793,0.4836,168961.1
2026-02-07 04:15:00,1770437700000,0.4836,0.4862,0.4812,0.4814,137287.4
2026-02-07 04:30:00,1770438600000,0.4814,0.4841,0.4775,0.4777,87928.4
2026-02-07 04:45:00,1770439500000,0.4777,0.4783,0.4773,0.4783,21931.7
2026-02-07 05:00:00,1770440400000,0.4783,0.4803,0.4782,0.4802,26201.4
2026-02-07 05:15:00,1770441300000,0.4802,0.4814,0.4774,0.4775,138392.3
2026-02-07 05:30:00,1770442200000,0.4775,0.4786,0.4752,0.4763,90242.1
2026-02-07 05:45:00,1770443100000,0.4763,0.4765,0.4751,0.4765,45964.4
2026-02-07 06:00:00,1770444000000,0.4765,0.4782,0.4754,0.4782,137159.5
2026-02-07 06:15:00,1770444900000,0.4782,0.4785,0.4756,0.4778,54516.7
2026-02-07 06:30:00,1770445800000,0.4778,0.4794,0.4766,0.4771,50845.1
2026-02-07 06:45:00,1770446700000,0.4771,0.4771,0.4677,0.4684,231729.1
2026-02-07 07:00:00,1770447600000,0.4684,0.4702,0.4588,0.4588,680706.0
2026-02-07 07:15:00,1770448500000,0.4588,0.4621,0.4511,0.4593,1162199.3
2026-02-07 07:30:00,1770449400000,0.4593,0.4621,0.4539,0.46,433731.1
2026-02-07 07:45:00,1770450300000,0.46,0.4603,0.4551,0.4551,276589.0
2026-02-07 08:00:00,1770451200000,0.4551,0.456,0.4527,0.4542,312530.0
2026-02-07 08:15:00,1770452100000,0.4542,0.4549,0.4514,0.4531,163342.4
2026-02-07 08:30:00,1770453000000,0.4531,0.4555,0.4508,0.4523,152427.9
2026-02-07 08:45:00,1770453900000,0.4523,0.4543,0.4522,0.4538,121305.9
2026-02-07 09:00:00,1770454800000,0.4538,0.4582,0.4538,0.4582,110834.0
2026-02-07 09:15:00,1770455700000,0.4582,0.4582,0.4547,0.455,45079.4
2026-02-07 09:30:00,1770456600000,0.455,0.4559,0.453,0.454,96188.7
2026-02-07 09:45:00,1770457500000,0.454,0.4543,0.453,0.4536,46408.1
2026-02-07 10:00:00,1770458400000,0.4536,0.4546,0.4523,0.4528,56800.3
2026-02-07 10:15:00,1770459300000,0.4528,0.4532,0.452,0.4527,27166.9
2026-02-07 10:30:00,1770460200000,0.4527,0.4531,0.4501,0.452,58744.1
2026-02-07 10:45:00,1770461100000,0.452,0.4539,0.4513,0.4532,28465.7
2026-02-07 11:00:00,1770462000000,0.4532,0.4561,0.4532,0.4549,53242.1
2026-02-07 11:15:00,1770462900000,0.4549,0.4558,0.4537,0.4541,22029.4
2026-02-07 11:30:00,1770463800000,0.4541,0.4566,0.4541,0.455,50745.6
2026-02-07 11:45:00,1770464700000,0.455,0.4576,0.4548,0.4567,87427.8
2026-02-07 12:00:00,1770465600000,0.4567,0.4647,0.4556,0.4642,209810.6
2026-02-07 12:15:00,1770466500000,0.4642,0.4723,0.4631,0.4681,227488.5
2026-02-07 12:30:00,1770467400000,0.4681,0.4724,0.4665,0.4671,174560.3
2026-02-07 12:45:00,1770468300000,0.4671,0.4686,0.466,0.4682,52609.1
2026-02-07 13:00:00,1770469200000,0.4682,0.4695,0.4636,0.4639,58553.2
2026-02-07 13:15:00,1770470100000,0.4639,0.465,0.4634,0.4639,32188.7
2026-02-07 13:30:00,1770471000000,0.4639,0.4641,0.4601,0.4605,75810.0
2026-02-07 13:45:00,1770471900000,0.4605,0.4622,0.4599,0.4613,49816.3
2026-02-07 14:00:00,1770472800000,0.4613,0.4618,0.46,0.4608,28149.0
2026-02-07 14:15:00,1770473700000,0.4608,0.4621,0.4596,0.4615,27368.8
2026-02-07 14:30:00,1770474600000,0.4615,0.4615,0.4569,0.4594,80363.5
2026-02-07 14:45:00,1770475500000,0.4594,0.4596,0.4561,0.4574,71958.0
2026-02-07 15:00:00,1770476400000,0.4574,0.4609,0.4565,0.4609,90721.3
2026-02-07 15:15:00,1770477300000,0.4609,0.4645,0.4592,0.4632,94564.5
2026-02-07 15:30:00,1770478200000,0.4632,0.4661,0.4626,0.4632,78038.0
2026-02-07 15:45:00,1770479100000,0.4632,0.4645,0.4621,0.4645,41486.0
2026-02-07 16:00:00,1770480000000,0.4645,0.4821,0.4633,0.4741,6699817.4
2026-02-07 16:15:00,1770480900000,0.4741,0.4816,0.4684,0.4702,2283461.8
2026-02-07 16:30:00,1770481800000,0.4702,0.471,0.467,0.469,91931.1
2026-02-07 16:45:00,1770482700000,0.469,0.4691,0.4672,0.4677,44261.7
2026-02-07 17:00:00,1770483600000,0.4677,0.4705,0.4666,0.4678,101366.7
2026-02-07 17:15:00,1770484500000,0.4678,0.4698,0.4668,0.4697,53084.4
2026-02-07 17:30:00,1770485400000,0.4697,0.4725,0.4679,0.4711,44401.0
2026-02-07 17:45:00,1770486300000,0.4711,0.4718,0.4689,0.47,41314.5
2026-02-07 18:00:00,1770487200000,0.47,0.4708,0.4694,0.4695,33551.7
2026-02-07 18:15:00,1770488100000,0.4695,0.4756,0.4693,0.4754,134120.8
2026-02-07 18:30:00,1770489000000,0.4754,0.4793,0.4746,0.4779,105739.1
2026-02-07 18:45:00,1770489900000,0.4779,0.479,0.4752,0.4754,66339.3
2026-02-07 19:00:00,1770490800000,0.4754,0.476,0.4741,0.475,75753.1
2026-02-07 19:15:00,1770491700000,0.475,0.4763,0.4742,0.4752,30156.1
2026-02-07 19:30:00,1770492600000,0.4752,0.4752,0.4725,0.473,22978.3
2026-02-07 19:45:00,1770493500000,0.473,0.4738,0.472,0.4724,18453.4
2026-02-07 20:00:00,1770494400000,0.4724,0.4733,0.4709,0.4713,34993.4
2026-02-07 20:15:00,1770495300000,0.4713,0.4729,0.471,0.4724,20271.0
2026-02-07 20:30:00,1770496200000,0.4724,0.4738,0.4713,0.4729,23616.7
2026-02-07 20:45:00,1770497100000,0.4729,0.4759,0.4718,0.4748,176180.1
2026-02-07 21:00:00,1770498000000,0.4748,0.4762,0.4736,0.4742,50837.2
2026-02-07 21:15:00,1770498900000,0.4742,0.4748,0.4729,0.4739,56286.0
2026-02-07 21:30:00,1770499800000,0.4739,0.4747,0.4726,0.4726,25202.9
2026-02-07 21:45:00,1770500700000,0.4726,0.4729,0.4715,0.4723,35324.2
2026-02-07 22:00:00,1770501600000,0.4723,0.4735,0.4709,0.4717,40005.9
2026-02-07 22:15:00,1770502500000,0.4717,0.4719,0.47,0.4711,11642.8
2026-02-07 22:30:00,1770503400000,0.4711,0.4713,0.4683,0.4689,48596.4
2026-02-07 22:45:00,1770504300000,0.4689,0.4692,0.4684,0.4689,14315.6
2026-02-07 23:00:00,1770505200000,0.4689,0.4694,0.4662,0.4679,78977.4
2026-02-07 23:15:00,1770506100000,0.4679,0.4688,0.4657,0.4673,46362.7
2026-02-07 23:30:00,1770507000000,0.4673,0.4683,0.4669,0.4682,17543.4
2026-02-07 23:45:00,1770507900000,0.4682,0.4694,0.4679,0.4685,13881.1
2026-02-08 00:00:00,1770508800000,0.4685,0.4691,0.4675,0.4677,37773.4
2026-02-08 00:15:00,1770509700000,0.4677,0.468,0.4664,0.4668,28504.2
2026-02-08 00:30:00,1770510600000,0.4668,0.4681,0.4667,0.4672,17275.4
2026-02-08 00:45:00,1770511500000,0.4672,0.4682,0.4662,0.4678,17082.8
2026-02-08 01:00:00,1770512400000,0.4678,0.4701,0.4677,0.4701,8621.4
2026-02-08 01:15:00,1770513300000,0.4701,0.4701,0.4665,0.4666,14287.3
2026-02-08 01:30:00,1770514200000,0.4666,0.4679,0.4665,0.467,19854.4
2026-02-08 01:45:00,1770515100000,0.467,0.4684,0.4665,0.4684,29281.3
2026-02-08 02:00:00,1770516000000,0.4684,0.4702,0.4679,0.4701,49076.4
2026-02-08 02:15:00,1770516900000,0.4701,0.4719,0.4693,0.4696,63682.5
2026-02-08 02:30:00,1770517800000,0.4696,0.4701,0.4676,0.4688,30636.4
2026-02-08 02:45:00,1770518700000,0.4688,0.4689,0.4668,0.4679,14880.1
2026-02-08 03:00:00,1770519600000,0.4679,0.4686,0.4666,0.4672,25693.3
2026-02-08 03:15:00,1770520500000,0.4672,0.4672,0.4652,0.4667,54827.6
2026-02-08 03:30:00,1770521400000,0.4667,0.4685,0.4662,0.4676,53702.2
2026-02-08 03:45:00,1770522300000,0.4676,0.4683,0.4659,0.4663,31269.2
2026-02-08 04:00:00,1770523200000,0.4663,0.4677,0.4657,0.4661,26903.7
2026-02-08 04:15:00,1770524100000,0.4661,0.4697,0.4649,0.469,82694.5
2026-02-08 04:30:00,1770525000000,0.469,0.4691,0.4672,0.4686,42816.1
2026-02-08 04:45:00,1770525900000,0.4686,0.472,0.468,0.472,97348.3
2026-02-08 05:00:00,1770526800000,0.472,0.4727,0.4698,0.4726,80595.6
2026-02-08 05:15:00,1770527700000,0.4726,0.4726,0.4704,0.471,26445.6
2026-02-08 05:30:00,1770528600000,0.471,0.471,0.4683,0.4684,29356.2
2026-02-08 05:45:00,1770529500000,0.4684,0.4685,0.467,0.4677,8358.8
2026-02-08 06:00:00,1770530400000,0.4677,0.4699,0.4676,0.4696,42374.5
2026-02-08 06:15:00,1770531300000,0.4696,0.4701,0.4685,0.4688,29243.3
2026-02-08 06:30:00,1770532200000,0.4688,0.4688,0.4673,0.4676,10530.7
2026-02-08 06:45:00,1770533100000,0.4676,0.4681,0.4661,0.4667,10707.8
2026-02-08 07:00:00,1770534000000,0.4667,0.4674,0.465,0.4669,53895.6
2026-02-08 07:15:00,1770534900000,0.4669,0.4669,0.4648,0.4665,23619.6
2026-02-08 07:30:00,1770535800000,0.4665,0.4682,0.4662,0.4671,23237.5
2026-02-08 07:45:00,1770536700000,0.4671,0.4687,0.4667,0.4685,30336.7
2026-02-08 08:00:00,1770537600000,0.4685,0.4706,0.468,0.4688,42128.1
2026-02-08 08:15:00,1770538500000,0.4688,0.4738,0.4676,0.4733,161893.7
2026-02-08 08:30:00,1770539400000,0.4733,0.4774,0.4718,0.4731,123964.2
2026-02-08 08:45:00,1770540300000,0.4731,0.4787,0.4728,0.4781,107111.0
2026-02-08 09:00:00,1770541200000,0.4781,0.4795,0.4763,0.4768,167721.1
2026-02-08 09:15:00,1770542100000,0.4768,0.4771,0.4754,0.4765,41282.1
2026-02-08 09:30:00,1770543000000,0.4765,0.4775,0.4731,0.4731,69162.5
2026-02-08 09:45:00,1770543900000,0.4731,0.4749,0.4726,0.4732,28323.4
2026-02-08 10:00:00,1770544800000,0.4732,0.4747,0.4725,0.4728,47481.1
2026-02-08 10:15:00,1770545700000,0.4728,0.4734,0.4674,0.4683,110993.1
2026-02-08 10:30:00,1770546600000,0.4683,0.4686,0.4672,0.4675,35257.8
2026-02-08 10:45:00,1770547500000,0.4675,0.4689,0.4671,0.4673,43059.1
2026-02-08 11:00:00,1770548400000,0.4673,0.4711,0.4673,0.471,38336.0
2026-02-08 11:15:00,1770549300000,0.471,0.4743,0.4709,0.4731,55966.5
2026-02-08 11:30:00,1770550200000,0.4731,0.4784,0.473,0.4773,151282.6
2026-02-08 11:45:00,1770551100000,0.4773,0.4783,0.4752,0.4765,136525.0
2026-02-08 12:00:00,1770552000000,0.4765,0.4771,0.4738,0.4738,36641.3
2026-02-08 12:15:00,1770552900000,0.4738,0.4754,0.4737,0.4749,61164.0
2026-02-08 12:30:00,1770553800000,0.4749,0.4749,0.4711,0.4717,40238.6
2026-02-08 12:45:00,1770554700000,0.4717,0.4746,0.471,0.4741,112467.4
2026-02-08 13:00:00,1770555600000,0.4741,0.4753,0.4711,0.4713,110451.9
2026-02-08 13:15:00,1770556500000,0.4713,0.4743,0.4712,0.4725,53976.5
2026-02-08 13:30:00,1770557400000,0.4725,0.4742,0.4692,0.4726,488358.5
2026-02-08 13:45:00,1770558300000,0.4726,0.476,0.4724,0.475,169440.8
2026-02-08 14:00:00,1770559200000,0.475,0.4765,0.4742,0.4751,69096.9
2026-02-08 14:15:00,1770560100000,0.4751,0.4768,0.4751,0.4768,65230.2
2026-02-08 14:30:00,1770561000000,0.4768,0.4786,0.4754,0.4762,44886.9
2026-02-08 14:45:00,1770561900000,0.4762,0.4786,0.4747,0.4755,43350.2
2026-02-08 15:00:00,1770562800000,0.4755,0.4772,0.4743,0.4761,110783.0
2026-02-08 15:15:00,1770563700000,0.4761,0.4761,0.4679,0.4679,181208.2
2026-02-08 15:30:00,1770564600000,0.4679,0.4699,0.4675,0.4688,99104.5
2026-02-08 15:45:00,1770565500000,0.4688,0.469,0.4626,0.4648,721854.7
2026-02-08 16:00:00,1770566400000,0.4648,0.4661,0.4642,0.4656,90088.1
2026-02-08 16:15:00,1770567300000,0.4656,0.4675,0.4652,0.4663,99814.6
2026-02-08 16:30:00,1770568200000,0.4663,0.4663,0.4615,0.4621,134778.3
2026-02-08 16:45:00,1770569100000,0.4621,0.4621,0.4556,0.4571,210503.6
2026-02-08 17:00:00,1770570000000,0.4571,0.4603,0.4567,0.459,74152.8
2026-02-08 17:15:00,1770570900000,0.459,0.4616,0.458,0.4582,83853.8
2026-02-08 17:30:00,1770571800000,0.4582,0.4602,0.4582,0.4601,26268.5
2026-02-08 17:45:00,1770572700000,0.4601,0.4609,0.459,0.4603,34058.1
2026-02-08 18:00:00,1770573600000,0.4603,0.4619,0.4603,0.4608,45183.1
2026-02-08 18:15:00,1770574500000,0.4608,0.461,0.4593,0.4604,36250.4
2026-02-08 18:30:00,1770575400000,0.4604,0.4662,0.4603,0.4637,91040.7
2026-02-08 18:45:00,1770576300000,0.4637,0.4649,0.4621,0.4621,34270.2
2026-02-08 19:00:00,1770577200000,0.4621,0.4629,0.4609,0.4613,24194.8
2026-02-08 19:15:00,1770578100000,0.4613,0.4621,0.4606,0.4607,39874.8
2026-02-08 19:30:00,1770579000000,0.4607,0.4619,0.4606,0.4616,32857.6
2026-02-08 19:45:00,1770579900000,0.4616,0.4644,0.4606,0.4636,52729.4
2026-02-08 20:00:00,1770580800000,0.4636,0.4636,0.4591,0.4601,36147.5
2026-02-08 20:15:00,1770581700000,0.4601,0.4616,0.4588,0.4598,28775.5
2026-02-08 20:30:00,1770582600000,0.4598,0.4602,0.4587,0.4598,17906.7
2026-02-08 20:45:00,1770583500000,0.4598,0.46,0.4574,0.4577,26646.4
2026-02-08 21:00:00,1770584400000,0.4577,0.459,0.4571,0.4586,26719.6
2026-02-08 21:15:00,1770585300000,0.4586,0.4602,0.458,0.4582,44986.2
2026-02-08 21:30:00,1770586200000,0.4582,0.4583,0.4538,0.4544,114850.3
2026-02-08 21:45:00,1770587100000,0.4544,0.4562,0.4535,0.4558,43723.7
2026-02-08 22:00:00,1770588000000,0.4558,0.4573,0.4554,0.4573,153678.4
2026-02-08 22:15:00,1770588900000,0.4573,0.4582,0.4566,0.4566,28569.4
2026-02-08 22:30:00,1770589800000,0.4566,0.4566,0.4544,0.4558,11988.9
2026-02-08 22:45:00,1770590700000,0.4558,0.4579,0.4558,0.4576,34827.3
2026-02-08 23:00:00,1770591600000,0.4576,0.4685,0.4575,0.4612,228782.6
2026-02-08 23:15:00,1770592500000,0.4612,0.462,0.4553,0.4569,149880.2
2026-02-08 23:30:00,1770593400000,0.4569,0.4577,0.4521,0.4571,186079.4
2026-02-08 23:45:00,1770594300000,0.4571,0.4604,0.456,0.4566,86217.2
2026-02-09 00:00:00,1770595200000,0.4566,0.4586,0.4561,0.458,46519.5
2026-02-09 00:15:00,1770596100000,0.458,0.4581,0.4547,0.455,66829.0
2026-02-09 00:30:00,1770597000000,0.455,0.4562,0.4534,0.4548,56686.9
2026-02-09 00:45:00,1770597900000,0.4548,0.4567,0.4537,0.4565,35486.6
2026-02-09 01:00:00,1770598800000,0.4565,0.4578,0.4557,0.4561,34435.5
2026-02-09 01:15:00,1770599700000,0.4561,0.4619,0.4555,0.4597,63212.0
2026-02-09 01:30:00,1770600600000,0.4597,0.4599,0.4542,0.4562,146817.1
2026-02-09 01:45:00,1770601500000,0.4562,0.4592,0.4555,0.4576,315115.0
2026-02-09 02:00:00,1770602400000,0.4576,0.4578,0.4559,0.456,63669.2
2026-02-09 02:15:00,1770603300000,0.456,0.4563,0.4554,0.4562,30821.6
2026-02-09 02:30:00,1770604200000,0.4562,0.4637,0.4562,0.463,141112.7
2026-02-09 02:45:00,1770605100000,0.463,0.4636,0.4595,0.4595,24620.3
2026-02-09 03:00:00,1770606000000,0.4595,0.4616,0.4595,0.4601,32625.5
2026-02-09 03:15:00,1770606900000,0.4601,0.4616,0.4593,0.4606,48363.9
2026-02-09 03:30:00,1770607800000,0.4606,0.4654,0.4606,0.4643,77808.0
2026-02-09 03:45:00,1770608700000,0.4643,0.465,0.4632,0.4645,38970.7
2026-02-09 04:00:00,1770609600000,0.4645,0.4645,0.461,0.4612,36012.7
2026-02-09 04:15:00,1770610500000,0.4612,0.4616,0.4607,0.4612,21850.2
2026-02-09 04:30:00,1770611400000,0.4612,0.4612,0.4585,0.4587,40141.8
2026-02-09 04:45:00,1770612300000,0.4587,0.4595,0.4582,0.4591,22529.1
2026-02-09 05:00:00,1770613200000,0.4591,0.4591,0.457,0.457,31529.0
2026-02-09 05:15:00,1770614100000,0.457,0.4591,0.457,0.4591,37241.0
2026-02-09 05:30:00,1770615000000,0.4591,0.4596,0.4581,0.4583,23114.7
2026-02-09 05:45:00,1770615900000,0.4583,0.4603,0.4574,0.46,108548.3
2026-02-09 06:00:00,1770616800000,0.46,0.46,0.4568,0.4571,87545.1
2026-02-09 06:15:00,1770617700000,0.4571,0.4571,0.4537,0.4546,98651.5
2026-02-09 06:30:00,1770618600000,0.4546,0.4557,0.4539,0.4552,40254.6
2026-02-09 06:45:00,1770619500000,0.4552,0.4555,0.4546,0.4549,15056.1
2026-02-09 07:00:00,1770620400000,0.4549,0.456,0.4542,0.4555,23199.7
2026-02-09 07:15:00,1770621300000,0.4555,0.4555,0.4525,0.4527,57650.9
2026-02-09 07:30:00,1770622200000,0.4527,0.4527,0.4488,0.4497,98625.1
2026-02-09 07:45:00,1770623100000,0.4497,0.4505,0.4489,0.4489,46381.9
2026-02-09 08:00:00,1770624000000,0.4489,0.4502,0.4483,0.4489,101878.8
2026-02-09 08:15:00,1770624900000,0.4489,0.4491,0.4459,0.4464,116458.6
2026-02-09 08:30:00,1770625800000,0.4464,0.4468,0.4421,0.4447,237776.5
2026-02-09 08:45:00,1770626700000,0.4447,0.4459,0.4441,0.4441,27745.9
2026-02-09 09:00:00,1770627600000,0.4441,0.4459,0.444,0.4447,40745.3
2026-02-09 09:15:00,1770628500000,0.4447,0.445,0.4435,0.444,42636.2
2026-02-09 09:30:00,1770629400000,0.444,0.444,0.4412,0.4417,41481.9
2026-02-09 09:45:00,1770630300000,0.4417,0.4427,0.4412,0.4422,59468.3
2026-02-09 10:00:00,1770631200000,0.4422,0.4434,0.441,0.441,37673.1
2026-02-09 10:15:00,1770632100000,0.441,0.4411,0.4361,0.4361,133016.3
2026-02-09 10:30:00,1770633000000,0.4361,0.4364,0.4325,0.4331,232344.0
2026-02-09 10:45:00,1770633900000,0.4331,0.4346,0.432,0.434,125809.4
2026-02-09 11:00:00,1770634800000,0.434,0.4381,0.434,0.4361,156613.2
2026-02-09 11:15:00,1770635700000,0.4361,0.4379,0.4354,0.4371,62945.8
2026-02-09 11:30:00,1770636600000,0.4371,0.4382,0.437,0.4376,46257.5
2026-02-09 11:45:00,1770637500000,0.4376,0.4379,0.4367,0.4375,81168.4
2026-02-09 12:00:00,1770638400000,0.4375,0.4397,0.4373,0.4394,34656.8
2026-02-09 12:15:00,1770639300000,0.4394,0.4396,0.438,0.4383,39312.2
2026-02-09 12:30:00,1770640200000,0.4383,0.4403,0.4377,0.4395,50205.5
2026-02-09 12:45:00,1770641100000,0.4395,0.4397,0.4385,0.4388,31024.8
2026-02-09 13:00:00,1770642000000,0.4388,0.4414,0.4384,0.4407,70798.7
2026-02-09 13:15:00,1770642900000,0.4407,0.4414,0.4392,0.4405,26009.4
2026-02-09 13:30:00,1770643800000,0.4405,0.4405,0.4379,0.438,34853.8
2026-02-09 13:45:00,1770644700000,0.438,0.4383,0.4357,0.4357,47659.9
2026-02-09 14:00:00,1770645600000,0.4357,0.4374,0.4337,0.4348,55821.5
2026-02-09 14:15:00,1770646500000,0.4348,0.4357,0.4334,0.4352,96003.5
2026-02-09 14:30:00,1770647400000,0.4352,0.4435,0.4332,0.4399,258787.1
2026-02-09 14:45:00,1770648300000,0.4399,0.4432,0.4393,0.4418,187149.8
2026-02-09 15:00:00,1770649200000,0.4418,0.4466,0.4418,0.443,120364.0
2026-02-09 15:15:00,1770650100000,0.443,0.4442,0.4377,0.4378,85577.5
2026-02-09 15:30:00,1770651000000,0.4378,0.4454,0.4377,0.4444,84441.5
2026-02-09 15:45:00,1770651900000,0.4444,0.4459,0.4428,0.4456,42056.0
2026-02-09 16:00:00,1770652800000,0.4456,0.4457,0.4414,0.4423,50961.9
2026-02-09 16:15:00,1770653700000,0.4423,0.446,0.4421,0.4459,58352.5
2026-02-09 16:30:00,1770654600000,0.4459,0.4512,0.4443,0.4499,139778.8
2026-02-09 16:45:00,1770655500000,0.4499,0.4552,0.4499,0.4505,233384.9
2026-02-09 17:00:00,1770656400000,0.4505,0.452,0.4474,0.4478,130559.1
2026-02-09 17:15:00,1770657300000,0.4478,0.4495,0.4478,0.4495,28243.0
2026-02-09 17:30:00,1770658200000,0.4495,0.4594,0.4495,0.4581,247362.4
2026-02-09 17:45:00,1770659100000,0.4581,0.459,0.456,0.4584,100594.1
2026-02-09 18:00:00,1770660000000,0.4584,0.4598,0.4562,0.4564,73603.9
2026-02-09 18:15:00,1770660900000,0.4564,0.4565,0.4514,0.4524,98843.0
2026-02-09 18:30:00,1770661800000,0.4524,0.4556,0.4517,0.454,49531.3
2026-02-09 18:45:00,1770662700000,0.454,0.4557,0.4521,0.4531,37241.2
2026-02-09 19:00:00,1770663600000,0.4531,0.4531,0.4513,0.4519,28108.9
2026-02-09 19:15:00,1770664500000,0.4519,0.4526,0.4507,0.4523,24060.7
2026-02-09 19:30:00,1770665400000,0.4523,0.4549,0.4521,0.4534,84769.2
2026-02-09 19:45:00,1770666300000,0.4534,0.4551,0.4525,0.4541,53979.2
2026-02-09 20:00:00,1770667200000,0.4541,0.4565,0.4528,0.4549,74030.0
2026-02-09 20:15:00,1770668100000,0.4549,0.4549,0.4501,0.4503,34191.3
2026-02-09 20:30:00,1770669000000,0.4503,0.4541,0.4499,0.4539,22877.5
2026-02-09 20:45:00,1770669900000,0.4539,0.455,0.4536,0.4544,31499.5
2026-02-09 21:00:00,1770670800000,0.4544,0.4553,0.453,0.4541,43008.5
2026-02-09 21:15:00,1770671700000,0.4541,0.4546,0.4532,0.4538,19531.3
2026-02-09 21:30:00,1770672600000,0.4538,0.4538,0.4488,0.45,96023.5
2026-02-09 21:45:00,1770673500000,0.45,0.4564,0.4487,0.4552,138446.1
2026-02-09 22:00:00,1770674400000,0.4552,0.4574,0.4539,0.4574,67765.0
2026-02-09 22:15:00,1770675300000,0.4574,0.4574,0.4538,0.4538,13598.1
2026-02-09 22:30:00,1770676200000,0.4538,0.454,0.4529,0.453,7648.9
2026-02-09 22:45:00,1770677100000,0.453,0.453,0.4515,0.4518,47780.6
2026-02-09 23:00:00,1770678000000,0.4518,0.4522,0.4501,0.4503,53093.5
2026-02-09 23:15:00,1770678900000,0.4503,0.4509,0.4471,0.4477,146880.5
2026-02-09 23:30:00,1770679800000,0.4477,0.448,0.4471,0.4471,23260.1
2026-02-09 23:45:00,1770680700000,0.4471,0.4471,0.4456,0.4469,66681.5
2026-02-10 00:00:00,1770681600000,0.4469,0.4484,0.4453,0.4466,36340.3
2026-02-10 00:15:00,1770682500000,0.4466,0.4474,0.4439,0.4442,44640.9
2026-02-10 00:30:00,1770683400000,0.4442,0.4453,0.443,0.4437,22779.3
2026-02-10 00:45:00,1770684300000,0.4437,0.444,0.4423,0.4439,24812.0
2026-02-10 01:00:00,1770685200000,0.4439,0.4466,0.4435,0.4454,41399.2
2026-02-10 01:15:00,1770686100000,0.4454,0.4477,0.4444,0.4471,30854.5
2026-02-10 01:30:00,1770687000000,0.4471,0.4487,0.4456,0.4478,28951.7
2026-02-10 01:45:00,1770687900000,0.4478,0.448,0.4465,0.4472,31648.2
2026-02-10 02:00:00,1770688800000,0.4472,0.4473,0.4459,0.4461,25140.0
2026-02-10 02:15:00,1770689700000,0.4461,0.4472,0.4442,0.4442,10910.1
2026-02-10 02:30:00,1770690600000,0.4442,0.4443,0.4414,0.4414,9313.2
2026-02-10 02:45:00,1770691500000,0.4414,0.4423,0.4406,0.4408,28910.7
2026-02-10 03:00:00,1770692400000,0.4408,0.4408,0.4371,0.4381,49968.3
2026-02-10 03:15:00,1770693300000,0.4381,0.4383,0.4344,0.4349,190668.7
2026-02-10 03:30:00,1770694200000,0.4349,0.4351,0.4322,0.4331,119831.7
2026-02-10 03:45:00,1770695100000,0.4331,0.4352,0.4327,0.4348,35449.8
2026-02-10 04:00:00,1770696000000,0.4348,0.4373,0.4339,0.4371,53664.0
2026-02-10 04:15:00,1770696900000,0.4371,0.4375,0.4359,0.4374,53414.8
2026-02-10 04:30:00,1770697800000,0.4374,0.4382,0.436,0.4377,23695.9
2026-02-10 04:45:00,1770698700000,0.4377,0.4384,0.4372,0.4384,32428.3
2026-02-10 05:00:00,1770699600000,0.4384,0.4392,0.4374,0.4386,32450.1
2026-02-10 05:15:00,1770700500000,0.4386,0.4386,0.4366,0.4366,21669.1
2026-02-10 05:30:00,1770701400000,0.4366,0.4373,0.4342,0.4344,71920.6
2026-02-10 05:45:00,1770702300000,0.4344,0.4347,0.4324,0.4337,50647.8
2026-02-10 06:00:00,1770703200000,0.4337,0.4337,0.4317,0.4319,61696.4
2026-02-10 06:15:00,1770704100000,0.4319,0.4327,0.429,0.4301,131923.6
2026-02-10 06:30:00,1770705000000,0.4301,0.4314,0.4285,0.4292,110487.0
2026-02-10 06:45:00,1770705900000,0.4292,0.4294,0.4254,0.4276,237206.8
2026-02-10 07:00:00,1770706800000,0.4276,0.4308,0.4276,0.4291,92147.6
2026-02-10 07:15:00,1770707700000,0.4291,0.4298,0.4277,0.4298,77040.6
2026-02-10 07:30:00,1770708600000,0.4298,0.4304,0.4293,0.43,30013.9
2026-02-10 07:45:00,1770709500000,0.43,0.43,0.429,0.4295,72869.4
2026-02-10 08:00:00,1770710400000,0.4295,0.4315,0.4295,0.4309,86995.0
2026-02-10 08:15:00,1770711300000,0.4309,0.4321,0.4297,0.4317,61759.3
2026-02-10 08:30:00,1770712200000,0.4317,0.4323,0.4303,0.4315,43070.9
2026-02-10 08:45:00,1770713100000,0.4315,0.4323,0.4312,0.4318,51021.2
2026-02-10 09:00:00,1770714000000,0.4318,0.4342,0.4315,0.4333,83434.4
2026-02-10 09:15:00,1770714900000,0.4333,0.4337,0.4328,0.4333,32733.8
2026-02-10 09:30:00,1770715800000,0.4333,0.4343,0.4326,0.4343,13444.5
2026-02-10 09:45:00,1770716700000,0.4343,0.4348,0.4319,0.4335,103409.1
2026-02-10 10:00:00,1770717600000,0.4335,0.4348,0.4335,0.4345,39267.0
2026-02-10 10:15:00,1770718500000,0.4345,0.4372,0.4338,0.4349,42469.0
2026-02-10 10:30:00,1770719400000,0.4349,0.4349,0.4324,0.4326,30808.5
2026-02-10 10:45:00,1770720300000,0.4326,0.4341,0.4326,0.4341,18197.9
2026-02-10 11:00:00,1770721200000,0.4341,0.4356,0.4341,0.4346,40953.0
2026-02-10 11:15:00,1770722100000,0.4346,0.4355,0.4344,0.4349,16381.3
2026-02-10 11:30:00,1770723000000,0.4349,0.4354,0.4316,0.4328,69575.2
2026-02-10 11:45:00,1770723900000,0.4328,0.4331,0.4317,0.4327,28213.2
2026-02-10 12:00:00,1770724800000,0.4327,0.4346,0.4325,0.4327,92218.0
2026-02-10 12:15:00,1770725700000,0.4327,0.4328,0.4319,0.4322,8371.9
2026-02-10 12:30:00,1770726600000,0.4322,0.4325,0.4312,0.4319,10165.6
2026-02-10 12:45:00,1770727500000,0.4319,0.4324,0.4312,0.4319,18423.7
2026-02-10 13:00:00,1770728400000,0.4319,0.4338,0.4314,0.4334,92678.9
2026-02-10 13:15:00,1770729300000,0.4334,0.4347,0.4329,0.4341,62136.7
2026-02-10 13:30:00,1770730200000,0.4341,0.4364,0.4337,0.4358,100918.0
2026-02-10 13:45:00,1770731100000,0.4358,0.4366,0.435,0.4363,45703.9
2026-02-10 14:00:00,1770732000000,0.4363,0.4363,0.4339,0.4345,38578.8
2026-02-10 14:15:00,1770732900000,0.4345,0.4379,0.4343,0.4376,165806.1
2026-02-10 14:30:00,1770733800000,0.4376,0.4401,0.4325,0.4353,234697.9
2026-02-10 14:45:00,1770734700000,0.4353,0.4365,0.4314,0.4358,93806.0
2026-02-10 15:00:00,1770735600000,0.4358,0.4381,0.4334,0.4356,292522.0
2026-02-10 15:15:00,1770736500000,0.4356,0.4399,0.435,0.4383,40696.7
2026-02-10 15:30:00,1770737400000,0.4383,0.4403,0.4378,0.4388,98624.2
2026-02-10 15:45:00,1770738300000,0.4388,0.4389,0.4364,0.4377,74705.8
2026-02-10 16:00:00,1770739200000,0.4377,0.44,0.4345,0.4393,215111.6
2026-02-10 16:15:00,1770740100000,0.4393,0.4403,0.4359,0.4369,57195.0
2026-02-10 16:30:00,1770741000000,0.4369,0.4392,0.4358,0.4381,42290.3
2026-02-10 16:45:00,1770741900000,0.4381,0.4385,0.435,0.4363,34580.4
2026-02-10 17:00:00,1770742800000,0.4363,0.4363,0.4333,0.4336,90786.1
2026-02-10 17:15:00,1770743700000,0.4336,0.437,0.4335,0.4358,45092.2
2026-02-10 17:30:00,1770744600000,0.4358,0.4386,0.4352,0.4372,37187.1
2026-02-10 17:45:00,1770745500000,0.4372,0.4374,0.4349,0.4357,22297.4
2026-02-10 18:00:00,1770746400000,0.4357,0.4363,0.4327,0.4331,64220.5
2026-02-10 18:15:00,1770747300000,0.4331,0.4343,0.4292,0.4297,77740.1
2026-02-10 18:30:00,1770748200000,0.4297,0.4309,0.4281,0.4299,44916.5
2026-02-10 18:45:00,1770749100000,0.4299,0.4308,0.427,0.4301,80356.6
2026-02-10 19:00:00,1770750000000,0.4301,0.4315,0.4295,0.4308,25675.0
2026-02-10 19:15:00,1770750900000,0.4308,0.4309,0.4294,0.4309,25307.0
2026-02-10 19:30:00,1770751800000,0.4309,0.4346,0.4309,0.4343,39941.1
2026-02-10 19:45:00,1770752700000,0.4343,0.4348,0.4332,0.4335,8750.3
2026-02-10 20:00:00,1770753600000,0.4335,0.4336,0.4306,0.4307,30446.6
2026-02-10 20:15:00,1770754500000,0.4307,0.4317,0.4306,0.4312,61629.5
2026-02-10 20:30:00,1770755400000,0.4312,0.4328,0.4308,0.4328,21356.6
2026-02-10 20:45:00,1770756300000,0.4328,0.4332,0.4316,0.4321,25331.2
2026-02-10 21:00:00,1770757200000,0.4321,0.433,0.4318,0.4321,18384.2
2026-02-10 21:15:00,1770758100000,0.4321,0.4332,0.4313,0.4313,11313.0
2026-02-10 21:30:00,1770759000000,0.4313,0.4313,0.4296,0.431,44707.7
2026-02-10 21:45:00,1770759900000,0.431,0.4324,0.4309,0.4315,21163.5
2026-02-10 22:00:00,1770760800000,0.4315,0.4325,0.4311,0.4321,29283.5
2026-02-10 22:15:00,1770761700000,0.4321,0.433,0.4316,0.433,8234.9
2026-02-10 22:30:00,1770762600000,0.433,0.4345,0.4327,0.4331,10443.8
2026-02-10 22:45:00,1770763500000,0.4331,0.4333,0.4307,0.4312,52252.5
2026-02-10 23:00:00,1770764400000,0.4312,0.4328,0.4305,0.4325,85047.5
2026-02-10 23:15:00,1770765300000,0.4325,0.4333,0.4322,0.4331,15144.7
2026-02-10 23:30:00,1770766200000,0.4331,0.4344,0.4331,0.4336,15258.6
2026-02-10 23:45:00,1770767100000,0.4336,0.4336,0.433,0.4336,15739.9
2026-02-11 00:00:00,1770768000000,0.4336,0.4338,0.4322,0.4325,23468.0
2026-02-11 00:15:00,1770768900000,0.4325,0.4346,0.4325,0.4343,34597.5
2026-02-11 00:30:00,1770769800000,0.4343,0.4354,0.4337,0.4347,21682.4
2026-02-11 00:45:00,1770770700000,0.4347,0.4362,0.4339,0.4339,44952.4
2026-02-11 01:00:00,1770771600000,0.4339,0.4348,0.4331,0.4344,28855.2
2026-02-11 01:15:00,1770772500000,0.4344,0.4358,0.4341,0.4351,28084.8
2026-02-11 01:30:00,1770773400000,0.4351,0.4389,0.4351,0.4388,60776.5
2026-02-11 01:45:00,1770774300000,0.4388,0.4391,0.4376,0.4384,34547.8
